{"$schema":"http://schema.management.azure.com/schemas/2015-01-01/deploymentTemplate.json#","contentVersion":"1.0.0.0","parameters":{"factoryName":{"type":"string","metadata":"Data Factory name"},"rpidwsftpsrcsvr":{"type":"string"},"FileServer1":{"type":"string"}},"variables":{"factoryId":"[concat('Microsoft.DataFactory/factories/', parameters('factoryName'))]"},"resources":[{"name":"[concat(parameters('factoryName'), '/00_Copy from RP SFTP to IR Server')]","type":"Microsoft.DataFactory/factories/pipelines","apiVersion":"2018-06-01","properties":{"activities":[{"name":"Copy data1","type":"Copy","dependsOn":[],"policy":{"timeout":"7.00:00:00","retry":0,"retryIntervalInSeconds":30,"secureOutput":false,"secureInput":false},"userProperties":[],"typeProperties":{"source":{"type":"BinarySource","storeSettings":{"type":"SftpReadSettings","maxConcurrentConnections":1,"recursive":false,"wildcardFileName":"*.xlsx","deleteFilesAfterCompletion":false,"disableChunking":false},"formatSettings":{"type":"BinaryReadSettings"}},"sink":{"type":"BinarySink","storeSettings":{"type":"FileServerWriteSettings","maxConcurrentConnections":1}},"enableStaging":false,"parallelCopies":1},"inputs":[{"referenceName":"AsItIs","type":"DatasetReference","parameters":{}}],"outputs":[{"referenceName":"Binary1","type":"DatasetReference","parameters":{}}]},{"name":"Delete1","type":"Delete","dependsOn":[{"activity":"Copy data1","dependencyConditions":["Succeeded"]}],"policy":{"timeout":"7.00:00:00","retry":0,"retryIntervalInSeconds":30,"secureOutput":false,"secureInput":false},"userProperties":[],"typeProperties":{"dataset":{"referenceName":"AsItIs","type":"DatasetReference","parameters":{}},"enableLogging":false,"storeSettings":{"type":"SftpReadSettings","maxConcurrentConnections":1,"recursive":false,"wildcardFileName":"*.xlsx","enablePartitionDiscovery":false,"disableChunking":false}}}],"concurrency":1,"policy":{"elapsedTimeMetric":{},"cancelAfter":{}},"annotations":[],"lastPublishTime":"2022-02-14T08:07:05Z"},"dependsOn":["[concat(variables('factoryId'), '/datasets/AsItIs')]","[concat(variables('factoryId'), '/datasets/Binary1')]"]},{"name":"[concat(parameters('factoryName'), '/AsItIs')]","type":"Microsoft.DataFactory/factories/datasets","apiVersion":"2018-06-01","properties":{"linkedServiceName":{"referenceName":"[parameters('rpidwsftpsrcsvr')]","type":"LinkedServiceReference"},"annotations":[],"type":"Binary","typeProperties":{"location":{"type":"SftpLocation","folderPath":"/."}}},"dependsOn":[]},{"name":"[concat(parameters('factoryName'), '/Binary1')]","type":"Microsoft.DataFactory/factories/datasets","apiVersion":"2018-06-01","properties":{"linkedServiceName":{"referenceName":"[parameters('FileServer1')]","type":"LinkedServiceReference"},"annotations":[],"type":"Binary","typeProperties":{"location":{"type":"FileServerLocation","folderPath":"ETLSourceFolder"}}},"dependsOn":[]}]}