{"$schema":"http://schema.management.azure.com/schemas/2015-01-01/deploymentTemplate.json#","contentVersion":"1.0.0.0","parameters":{"factoryName":{"type":"string","metadata":"Data Factory name"}},"variables":{"factoryId":"[concat('Microsoft.DataFactory/factories/', parameters('factoryName'))]"},"resources":[{"name":"[concat(parameters('factoryName'), '/pl_Bi-Weekly_Mon_Batch_Job_OASIS_Phase2')]","type":"Microsoft.DataFactory/factories/pipelines","apiVersion":"2018-06-01","properties":{"activities":[{"name":"Move files from network drive to source folder","type":"ExecuteSSISPackage","dependsOn":[],"policy":{"timeout":"7.00:00:00","retry":0,"retryIntervalInSeconds":30,"secureOutput":false,"secureInput":false},"userProperties":[],"typeProperties":{"packageLocation":{"packagePath":"RPDW/RPDW_Master_Job/Move_files_DW_OASIS_PRD.dtsx","type":"SSISDB"},"runtime":"x64","environmentPath":null,"connectVia":{"referenceName":"AzureSSISIR","type":"IntegrationRuntimeReference"},"loggingLevel":"Basic","projectParameters":{"Frequecy_id":{"value":{"value":"@pipeline().parameters.FrequencyId","type":"Expression"}}},"projectConnectionManagers":{},"packageConnectionManagers":{"RPDW":{"ConnectByProxy":{"value":"False"},"ConnectRetryCount":{"value":"1"},"ConnectRetryInterval":{"value":"5"},"ConnectUsingManagedIdentity":{"value":"False"},"ConnectionString":{"value":"Data Source=abeamrpdev.7006065fdbb7.database.windows.net;User ID=dbadmin;Initial Catalog=RPDW_UAT;Provider=SQLNCLI11.1;Auto Translate=False;"},"InitialCatalog":{"value":"RPDW_UAT"},"Password":{"value":{"type":"SecureString","value":"**********"}},"RetainSameConnection":{"value":"False"},"ServerName":{"value":"abeamrpdev.7006065fdbb7.database.windows.net"},"UserName":{"value":"dbadmin"}}}}},{"name":"Load source files to pstg","type":"ExecuteSSISPackage","dependsOn":[{"activity":"Move files from network drive to source folder","dependencyConditions":["Succeeded"]}],"policy":{"timeout":"7.00:00:00","retry":0,"retryIntervalInSeconds":30,"secureOutput":false,"secureInput":false},"userProperties":[],"typeProperties":{"packageLocation":{"packagePath":"RPDW/Phase2_PSTG_Framework/Csv_Extraction.dtsx","type":"SSISDB"},"runtime":"x64","environmentPath":null,"connectVia":{"referenceName":"AzureSSISIR","type":"IntegrationRuntimeReference"},"loggingLevel":"Basic","projectParameters":{"Frequency":{"value":{"value":"@pipeline().parameters.FrequencyId","type":"Expression"}}},"projectConnectionManagers":{},"packageConnectionManagers":{"ADO_RPDW":{"ConnectByProxy":{"value":"False"},"ConnectUsingManagedIdentity":{"value":"False"},"ConnectionString":{"value":"Data Source=abeamrpdev.7006065fdbb7.database.windows.net;User ID=dbadmin;Initial Catalog=RPDW_UAT;Application Name=SSIS-Csv_Extraction-{C23CCB86-CECC-42DB-9368-3B3196B1BE6D}RP-ETL-DW-UAT.RPDW_UAT1;"},"InitialCatalog":{"value":"RPDW_UAT"},"Password":{"value":{"type":"SecureString","value":"**********"}},"RetainSameConnection":{"value":"False"},"ServerName":{"value":"abeamrpdev.7006065fdbb7.database.windows.net"},"UserName":{"value":"dbadmin"}},"ADO_RPDW_PSTG":{"ConnectByProxy":{"value":"False"},"ConnectUsingManagedIdentity":{"value":"False"},"ConnectionString":{"value":"Data Source=abeamrpdev.7006065fdbb7.database.windows.net;User ID=dbadmin;Initial Catalog=RPDW_UAT_PSTG;Application Name=SSIS-Csv_Extraction-{F4FF2A85-BC52-416E-98CD-6BCE86F882D8}RP-ETL-DW-UAT.RPDW_PSTG1;"},"InitialCatalog":{"value":"RPDW_UAT_PSTG"},"Password":{"value":{"type":"SecureString","value":"**********"}},"RetainSameConnection":{"value":"False"},"ServerName":{"value":"abeamrpdev.7006065fdbb7.database.windows.net"},"UserName":{"value":"dbadmin"}},"RPDW":{"ConnectByProxy":{"value":"False"},"ConnectRetryCount":{"value":"1"},"ConnectRetryInterval":{"value":"5"},"ConnectUsingManagedIdentity":{"value":"False"},"ConnectionString":{"value":"Data Source=abeamrpdev.7006065fdbb7.database.windows.net;User ID=dbadmin;Initial Catalog=RPDW_UAT;Provider=SQLNCLI11.1;Auto Translate=False;"},"InitialCatalog":{"value":"RPDW_UAT"},"Password":{"value":{"type":"SecureString","value":"**********"}},"RetainSameConnection":{"value":"False"},"ServerName":{"value":"abeamrpdev.7006065fdbb7.database.windows.net"},"UserName":{"value":"dbadmin"}},"RPDW_PSTG":{"ConnectByProxy":{"value":"False"},"ConnectRetryCount":{"value":"1"},"ConnectRetryInterval":{"value":"5"},"ConnectUsingManagedIdentity":{"value":"False"},"ConnectionString":{"value":"Data Source=abeamrpdev.7006065fdbb7.database.windows.net;User ID=dbadmin;Initial Catalog=RPDW_UAT_PSTG;Provider=SQLNCLI11.1;Auto Translate=False;"},"InitialCatalog":{"value":"RPDW_UAT_PSTG"},"Password":{"value":{"type":"SecureString","value":"**********"}},"RetainSameConnection":{"value":"False"},"ServerName":{"value":"abeamrpdev.7006065fdbb7.database.windows.net"},"UserName":{"value":"dbadmin"}}}}},{"name":"Load from pstg to stg","type":"ExecuteSSISPackage","dependsOn":[{"activity":"Load source files to pstg","dependencyConditions":["Succeeded"]}],"policy":{"timeout":"7.00:00:00","retry":0,"retryIntervalInSeconds":30,"secureOutput":false,"secureInput":false},"userProperties":[],"typeProperties":{"packageLocation":{"packagePath":"RPDW/Phase2_STG_Framework/STG_Framework.dtsx","type":"SSISDB"},"runtime":"x64","environmentPath":null,"connectVia":{"referenceName":"AzureSSISIR","type":"IntegrationRuntimeReference"},"loggingLevel":"Basic","projectParameters":{"Frequency":{"value":{"value":"@pipeline().parameters.FrequencyId","type":"Expression"}}},"projectConnectionManagers":{},"packageConnectionManagers":{"RPDW_STG":{"ConnectByProxy":{"value":"False"},"ConnectRetryCount":{"value":"1"},"ConnectRetryInterval":{"value":"5"},"ConnectUsingManagedIdentity":{"value":"False"},"ConnectionString":{"value":"Data Source=abeamrpdev.7006065fdbb7.database.windows.net;User ID=dbadmin;Initial Catalog=RPDW_UAT_STG;Provider=SQLNCLI11.1;Auto Translate=False;"},"InitialCatalog":{"value":"RPDW_UAT_STG"},"Password":{"value":{"type":"SecureString","value":"**********"}},"RetainSameConnection":{"value":"False"},"ServerName":{"value":"abeamrpdev.7006065fdbb7.database.windows.net"},"UserName":{"value":"dbadmin"}}}}}],"policy":{"elapsedTimeMetric":{},"cancelAfter":{}},"parameters":{"FrequencyId":{"type":"string","defaultValue":"3"}},"folder":{"name":"Scheduled Jobs"},"annotations":[],"lastPublishTime":"2022-02-15T10:58:03Z"},"dependsOn":[]}]}