{"$schema":"http://schema.management.azure.com/schemas/2015-01-01/deploymentTemplate.json#","contentVersion":"1.0.0.0","parameters":{"factoryName":{"type":"string","metadata":"Data Factory name"}},"variables":{"factoryId":"[concat('Microsoft.DataFactory/factories/', parameters('factoryName'))]"},"resources":[{"name":"[concat(parameters('factoryName'), '/pl_Daily_Attendance_Sun')]","type":"Microsoft.DataFactory/factories/pipelines","apiVersion":"2018-06-01","properties":{"description":"This job will run both the end-of-week attendance files: Student_Attendance_yyyymmdd.csv (OASIS) - send every Fri evening, and Regular_Attendance_yyyymmdd.xlsx (LEO) - send every Sun evening. Despite it being full-load files, the load method is still incremental as the STG load job is able to do update.","activities":[{"name":"Move Daily Attendance Files from NetworkDrives","type":"ExecuteSSISPackage","dependsOn":[],"policy":{"timeout":"7.00:00:00","retry":0,"retryIntervalInSeconds":30,"secureOutput":false,"secureInput":false},"userProperties":[],"typeProperties":{"packageLocation":{"packagePath":"RPDW/RPDW_Master_Job/Move_DailyAttendance_files_FromSharedNetwork.dtsx","type":"SSISDB"},"runtime":"x64","environmentPath":null,"connectVia":{"referenceName":"AzureSSISIR","type":"IntegrationRuntimeReference"},"loggingLevel":"Basic","projectParameters":{"Frequecy_id":{"value":{"value":"@pipeline().parameters.FrequencyId","type":"Expression"}}},"projectConnectionManagers":{},"packageConnectionManagers":{"RPDW":{"ConnectByProxy":{"value":"False"},"ConnectRetryCount":{"value":"1"},"ConnectRetryInterval":{"value":"5"},"ConnectUsingManagedIdentity":{"value":"False"},"ConnectionString":{"value":"Data Source=abeamrpdev.7006065fdbb7.database.windows.net;User ID=dbadmin;Initial Catalog=RPDW_UAT;Provider=SQLNCLI11.1;Auto Translate=False;"},"InitialCatalog":{"value":"RPDW_UAT"},"Password":{"value":{"type":"SecureString","value":"**********"}},"RetainSameConnection":{"value":"False"},"ServerName":{"value":"abeamrpdev.7006065fdbb7.database.windows.net"},"UserName":{"value":"dbadmin"}}}}},{"name":"Load Source File to PSTG - xlsx Files","type":"ExecuteSSISPackage","dependsOn":[{"activity":"Move Daily Attendance Files from NetworkDrives","dependencyConditions":["Succeeded"]}],"policy":{"timeout":"7.00:00:00","retry":0,"retryIntervalInSeconds":30,"secureOutput":false,"secureInput":false},"userProperties":[],"typeProperties":{"packageLocation":{"packagePath":"RPDW/Phase2_PSTG_Framework/Excel_Extraction.dtsx","type":"SSISDB"},"runtime":"x64","environmentPath":null,"connectVia":{"referenceName":"AzureSSISIR","type":"IntegrationRuntimeReference"},"loggingLevel":"Basic","projectParameters":{"Frequency":{"value":{"value":"@pipeline().parameters.FrequencyId","type":"Expression"}}},"projectConnectionManagers":{},"packageConnectionManagers":{"ADO_RPDW":{"ConnectByProxy":{"value":"False"},"ConnectUsingManagedIdentity":{"value":"False"},"ConnectionString":{"value":"Data Source=abeamrpdev.7006065fdbb7.database.windows.net;User ID=dbadmin;Initial Catalog=RPDW_UAT;Connect Timeout=0;Application Name=SSIS-Excel_Extraction-{670DDE8C-6B06-4DA4-99AD-73A02506553A}RP-ETL-DW-UAT.RPDW_UAT1;"},"InitialCatalog":{"value":"RPDW_UAT"},"Password":{"value":{"type":"SecureString","value":"**********"}},"RetainSameConnection":{"value":"True"},"ServerName":{"value":"abeamrpdev.7006065fdbb7.database.windows.net"},"UserName":{"value":"dbadmin"}},"ADO_RPDW_PSTG":{"ConnectByProxy":{"value":"False"},"ConnectUsingManagedIdentity":{"value":"False"},"ConnectionString":{"value":"Data Source=abeamrpdev.7006065fdbb7.database.windows.net;User ID=dbadmin;Initial Catalog=RPDW_UAT_PSTG;Connect Timeout=0;Application Name=SSIS-Excel_Extraction-{4166B92C-6CC8-4AAF-AF7F-24CA45A16772}RP-ETL-DW-UAT.RPDW_PSTG1;"},"InitialCatalog":{"value":"RPDW_UAT_PSTG"},"Password":{"value":{"type":"SecureString","value":"**********"}},"RetainSameConnection":{"value":"True"},"ServerName":{"value":"abeamrpdev.7006065fdbb7.database.windows.net"},"UserName":{"value":"dbadmin"}},"RPDW":{"ConnectByProxy":{"value":"False"},"ConnectRetryCount":{"value":"1"},"ConnectRetryInterval":{"value":"5"},"ConnectUsingManagedIdentity":{"value":"False"},"ConnectionString":{"value":"Data Source=abeamrpdev.7006065fdbb7.database.windows.net;User ID=dbadmin;Initial Catalog=RPDW_UAT;Provider=SQLNCLI11.1;Auto Translate=False;"},"InitialCatalog":{"value":"RPDW_UAT"},"Password":{"value":{"type":"SecureString","value":"**********"}},"RetainSameConnection":{"value":"True"},"ServerName":{"value":"abeamrpdev.7006065fdbb7.database.windows.net"},"UserName":{"value":"dbadmin"}},"RPDW_PSTG":{"ConnectByProxy":{"value":"False"},"ConnectRetryCount":{"value":"1"},"ConnectRetryInterval":{"value":"5"},"ConnectUsingManagedIdentity":{"value":"False"},"ConnectionString":{"value":"Data Source=abeamrpdev.7006065fdbb7.database.windows.net;User ID=dbadmin;Initial Catalog=RPDW_UAT_PSTG;Provider=SQLNCLI11.1;Auto Translate=False;"},"InitialCatalog":{"value":"RPDW_UAT_PSTG"},"Password":{"value":{"type":"SecureString","value":"**********"}},"RetainSameConnection":{"value":"True"},"ServerName":{"value":"abeamrpdev.7006065fdbb7.database.windows.net"},"UserName":{"value":"dbadmin"}}}}},{"name":"Load Source File to PSTG - csv Files","type":"ExecuteSSISPackage","dependsOn":[{"activity":"Load Source File to PSTG - xlsx Files","dependencyConditions":["Succeeded"]}],"policy":{"timeout":"7.00:00:00","retry":0,"retryIntervalInSeconds":30,"secureOutput":false,"secureInput":false},"userProperties":[],"typeProperties":{"packageLocation":{"packagePath":"RPDW/Phase2_PSTG_Framework/Csv_Extraction.dtsx","type":"SSISDB"},"runtime":"x64","environmentPath":null,"connectVia":{"referenceName":"AzureSSISIR","type":"IntegrationRuntimeReference"},"loggingLevel":"Basic","projectParameters":{"Frequency":{"value":{"value":"@pipeline().parameters.FrequencyId","type":"Expression"}}},"projectConnectionManagers":{},"packageConnectionManagers":{"ADO_RPDW":{"ConnectByProxy":{"value":"False"},"ConnectUsingManagedIdentity":{"value":"False"},"ConnectionString":{"value":"Data Source=abeamrpdev.7006065fdbb7.database.windows.net;User ID=dbadmin;Initial Catalog=RPDW_UAT;Application Name=SSIS-Csv_Extraction-{C23CCB86-CECC-42DB-9368-3B3196B1BE6D}RP-ETL-DW-UAT.RPDW_UAT1;"},"InitialCatalog":{"value":"RPDW_UAT"},"Password":{"value":{"type":"SecureString","value":"**********"}},"RetainSameConnection":{"value":"False"},"ServerName":{"value":"abeamrpdev.7006065fdbb7.database.windows.net"},"UserName":{"value":"dbadmin"}},"ADO_RPDW_PSTG":{"ConnectByProxy":{"value":"False"},"ConnectUsingManagedIdentity":{"value":"False"},"ConnectionString":{"value":"Data Source=abeamrpdev.7006065fdbb7.database.windows.net;User ID=dbadmin;Initial Catalog=RPDW_UAT_PSTG;Application Name=SSIS-Csv_Extraction-{F4FF2A85-BC52-416E-98CD-6BCE86F882D8}RP-ETL-DW-UAT.RPDW_PSTG1;"},"InitialCatalog":{"value":"RPDW_UAT_PSTG"},"Password":{"value":{"type":"SecureString","value":"**********"}},"RetainSameConnection":{"value":"False"},"ServerName":{"value":"abeamrpdev.7006065fdbb7.database.windows.net"},"UserName":{"value":"dbadmin"}},"RPDW":{"ConnectByProxy":{"value":"False"},"ConnectRetryCount":{"value":"1"},"ConnectRetryInterval":{"value":"5"},"ConnectUsingManagedIdentity":{"value":"False"},"ConnectionString":{"value":"Data Source=abeamrpdev.7006065fdbb7.database.windows.net;User ID=dbadmin;Initial Catalog=RPDW_UAT;Provider=SQLNCLI11.1;Auto Translate=False;"},"InitialCatalog":{"value":"RPDW_UAT"},"Password":{"value":{"type":"SecureString","value":"**********"}},"RetainSameConnection":{"value":"False"},"ServerName":{"value":"abeamrpdev.7006065fdbb7.database.windows.net"},"UserName":{"value":"dbadmin"}},"RPDW_PSTG":{"ConnectByProxy":{"value":"False"},"ConnectRetryCount":{"value":"1"},"ConnectRetryInterval":{"value":"5"},"ConnectUsingManagedIdentity":{"value":"False"},"ConnectionString":{"value":"Data Source=abeamrpdev.7006065fdbb7.database.windows.net;User ID=dbadmin;Initial Catalog=RPDW_UAT_PSTG;Provider=SQLNCLI11.1;Auto Translate=False;"},"InitialCatalog":{"value":"RPDW_UAT_PSTG"},"Password":{"value":{"type":"SecureString","value":"**********"}},"RetainSameConnection":{"value":"False"},"ServerName":{"value":"abeamrpdev.7006065fdbb7.database.windows.net"},"UserName":{"value":"dbadmin"}}}}},{"name":"Load PSTG to STG","type":"ExecuteSSISPackage","dependsOn":[{"activity":"Load Source File to PSTG - csv Files","dependencyConditions":["Succeeded"]}],"policy":{"timeout":"7.00:00:00","retry":0,"retryIntervalInSeconds":30,"secureOutput":false,"secureInput":false},"userProperties":[],"typeProperties":{"packageLocation":{"packagePath":"RPDW/Phase2_STG_Framework/STG_Framework.dtsx","type":"SSISDB"},"runtime":"x64","environmentPath":null,"connectVia":{"referenceName":"AzureSSISIR","type":"IntegrationRuntimeReference"},"loggingLevel":"Basic","projectParameters":{"Frequency":{"value":{"value":"@pipeline().parameters.FrequencyId","type":"Expression"}}},"projectConnectionManagers":{},"packageConnectionManagers":{"RPDW_STG":{"ConnectByProxy":{"value":"False"},"ConnectRetryCount":{"value":"1"},"ConnectRetryInterval":{"value":"5"},"ConnectUsingManagedIdentity":{"value":"False"},"ConnectionString":{"value":"Data Source=abeamrpdev.7006065fdbb7.database.windows.net;User ID=dbadmin;Initial Catalog=RPDW_UAT_STG;Provider=SQLNCLI11.1;Auto Translate=False;"},"InitialCatalog":{"value":"RPDW_UAT_STG"},"Password":{"value":{"type":"SecureString","value":"**********"}},"RetainSameConnection":{"value":"False"},"ServerName":{"value":"abeamrpdev.7006065fdbb7.database.windows.net"},"UserName":{"value":"dbadmin"}}}}},{"name":"Load STG to DW","type":"ExecuteSSISPackage","dependsOn":[{"activity":"Load PSTG to STG","dependencyConditions":["Succeeded"]}],"policy":{"timeout":"7.00:00:00","retry":0,"retryIntervalInSeconds":30,"secureOutput":false,"secureInput":false},"userProperties":[],"typeProperties":{"packageLocation":{"packagePath":"RPDW/RPDW_DW/DW_STUDENT_ATTENDANCE.dtsx","type":"SSISDB"},"runtime":"x64","environmentPath":null,"connectVia":{"referenceName":"AzureSSISIR","type":"IntegrationRuntimeReference"},"loggingLevel":"Basic","projectConnectionManagers":{},"packageConnectionManagers":{"DW":{"ConnectByProxy":{"value":"False"},"ConnectRetryCount":{"value":"1"},"ConnectRetryInterval":{"value":"5"},"ConnectUsingManagedIdentity":{"value":"False"},"ConnectionString":{"value":"Data Source=abeamrpdev.7006065fdbb7.database.windows.net;User ID=dbadmin;Initial Catalog=RPDW_UAT;Provider=SQLNCLI11.1;Auto Translate=False;"},"Password":{"value":{"type":"SecureString","value":"**********"}},"RetainSameConnection":{"value":"False"}},"ErrorLog":{"ConnectByProxy":{"value":"False"},"ConnectRetryCount":{"value":"1"},"ConnectRetryInterval":{"value":"5"},"ConnectUsingManagedIdentity":{"value":"False"},"ConnectionString":{"value":"Data Source=abeamrpdev.7006065fdbb7.database.windows.net;User ID=dbadmin;Initial Catalog=RPDW_UAT;Provider=SQLNCLI11.1;Auto Translate=False;"},"Password":{"value":{"type":"SecureString","value":"**********"}},"RetainSameConnection":{"value":"False"}}}}}],"policy":{"elapsedTimeMetric":{},"cancelAfter":{}},"parameters":{"FrequencyId":{"type":"int","defaultValue":27}},"variables":{"Stage_PSTG":{"type":"String","defaultValue":"PSTG"},"Stage_STG":{"type":"String","defaultValue":"STG"},"Stage_DW":{"type":"String","defaultValue":"DW"}},"folder":{"name":"Scheduled Jobs"},"annotations":[],"lastPublishTime":"2022-02-15T10:58:03Z"},"dependsOn":[]}]}