{"$schema":"http://schema.management.azure.com/schemas/2015-01-01/deploymentTemplate.json#","contentVersion":"1.0.0.0","parameters":{"factoryName":{"type":"string","metadata":"Data Factory name"},"ls_rpdwusr_sqlmi":{"type":"string"}},"variables":{"factoryId":"[concat('Microsoft.DataFactory/factories/', parameters('factoryName'))]"},"resources":[{"name":"[concat(parameters('factoryName'), '/pl_AIE_Weekly_Tuesday')]","type":"Microsoft.DataFactory/factories/pipelines","apiVersion":"2018-06-01","properties":{"description":"Weekly Tuesday  Job Run (See Schedules Tab for details)","activities":[{"name":"DW_ENT_STUDENT_MODULE_RESULT","type":"ExecuteSSISPackage","dependsOn":[],"policy":{"timeout":"7.00:00:00","retry":0,"retryIntervalInSeconds":30,"secureOutput":false,"secureInput":false},"userProperties":[],"typeProperties":{"packageLocation":{"packagePath":"RPDW/RPDW_USR/DW_ENT_STUDENT_MODULE_RESULT.dtsx","type":"SSISDB"},"runtime":"x64","environmentPath":null,"connectVia":{"referenceName":"AzureSSISIR","type":"IntegrationRuntimeReference"},"loggingLevel":"Basic","projectConnectionManagers":{"RPDW_Conn":{"ConnectByProxy":{"value":"False"},"ConnectRetryCount":{"value":"1"},"ConnectRetryInterval":{"value":"5"},"ConnectUsingManagedIdentity":{"value":"False"},"ConnectionString":{"value":"Data Source=abeamrpdev.7006065fdbb7.database.windows.net;User ID=dbadmin;Initial Catalog=RPDW_UAT;Provider=SQLNCLI11.1;Auto Translate=False;"},"RetainSameConnection":{"value":"False"}},"RPDW_USR_Conn":{"ConnectByProxy":{"value":"False"},"ConnectRetryCount":{"value":"1"},"ConnectRetryInterval":{"value":"5"},"ConnectUsingManagedIdentity":{"value":"False"},"ConnectionString":{"value":"Data Source=abeamrpdev.7006065fdbb7.database.windows.net;User ID=dbadmin;Initial Catalog=RPDW_UAT_USR;Provider=SQLNCLI11.1;Auto Translate=False;"},"RetainSameConnection":{"value":"False"}}},"packageConnectionManagers":{"OutputTextFile_Conn":{"AlwaysCheckForRowDelimiters":{"value":"True"},"CodePage":{"value":"1252"},"ColumnNamesInFirstDataRow":{"value":"True"},"ConnectByProxy":{"value":"False"},"DataRowsToSkip":{"value":"0"},"Format":{"value":"Delimited"},"HeaderRowDelimiter":{"value":"\r\n"},"HeaderRowsToSkip":{"value":"0"},"LocaleID":{"value":"1033"},"RowDelimiter":{"value":""},"TextQualifier":{"value":"<none>"},"Unicode":{"value":"False"}}}}},{"name":"DW_ENT_STUDENT_COMPONENT_RESULTS","type":"ExecuteSSISPackage","dependsOn":[{"activity":"DW_ENT_STUDENT_MODULE_RESULT","dependencyConditions":["Succeeded"]}],"policy":{"timeout":"7.00:00:00","retry":0,"retryIntervalInSeconds":30,"secureOutput":false,"secureInput":false},"userProperties":[],"typeProperties":{"packageLocation":{"packagePath":"RPDW/RPDW_USR/DW_ENT_STUDENT_COMPONENT_RESULTS.dtsx","type":"SSISDB"},"runtime":"x64","environmentPath":null,"connectVia":{"referenceName":"AzureSSISIR","type":"IntegrationRuntimeReference"},"loggingLevel":"Basic","projectParameters":{"UserName":{"value":""}},"projectConnectionManagers":{"RPDW_Conn":{"ConnectByProxy":{"value":"False"},"ConnectRetryCount":{"value":"1"},"ConnectRetryInterval":{"value":"5"},"ConnectUsingManagedIdentity":{"value":"False"},"ConnectionString":{"value":"Data Source=abeamrpdev.7006065fdbb7.database.windows.net;User ID=dbadmin;Initial Catalog=RPDW_UAT;Provider=SQLNCLI11.1;Auto Translate=False;"},"RetainSameConnection":{"value":"False"}},"RPDW_USR_Conn":{"ConnectByProxy":{"value":"False"},"ConnectRetryCount":{"value":"1"},"ConnectRetryInterval":{"value":"5"},"ConnectUsingManagedIdentity":{"value":"False"},"ConnectionString":{"value":"Data Source=abeamrpdev.7006065fdbb7.database.windows.net;User ID=dbadmin;Initial Catalog=RPDW_UAT_USR;Provider=SQLNCLI11.1;Auto Translate=False;"},"RetainSameConnection":{"value":"False"}}},"packageConnectionManagers":{"OutputTextFile_Conn":{"AlwaysCheckForRowDelimiters":{"value":"True"},"CodePage":{"value":"1252"},"ColumnNamesInFirstDataRow":{"value":"True"},"ConnectByProxy":{"value":"False"},"DataRowsToSkip":{"value":"0"},"Format":{"value":"Delimited"},"HeaderRowDelimiter":{"value":"\r\n"},"HeaderRowsToSkip":{"value":"0"},"LocaleID":{"value":"1033"},"RowDelimiter":{"value":""},"TextQualifier":{"value":"<none>"},"Unicode":{"value":"False"}}}}},{"name":"DW_ENT_STUDENT_ACADEMIC_INFO","type":"ExecuteSSISPackage","dependsOn":[{"activity":"DW_ENT_STUDENT_COMPONENT_RESULTS","dependencyConditions":["Succeeded"]}],"policy":{"timeout":"7.00:00:00","retry":0,"retryIntervalInSeconds":30,"secureOutput":false,"secureInput":false},"userProperties":[],"typeProperties":{"packageLocation":{"packagePath":"RPDW/RPDW_USR/DW_ENT_STUDENT_ACADEMIC_INFO.dtsx","type":"SSISDB"},"runtime":"x64","environmentPath":null,"connectVia":{"referenceName":"AzureSSISIR","type":"IntegrationRuntimeReference"},"loggingLevel":"Basic","projectConnectionManagers":{"RPDW_Conn":{"ConnectByProxy":{"value":"False"},"ConnectRetryCount":{"value":"1"},"ConnectRetryInterval":{"value":"5"},"ConnectUsingManagedIdentity":{"value":"False"},"ConnectionString":{"value":"Data Source=abeamrpdev.7006065fdbb7.database.windows.net;User ID=dbadmin;Initial Catalog=RPDW_UAT;Provider=SQLNCLI11.1;Auto Translate=False;"},"RetainSameConnection":{"value":"False"}},"RPDW_USR_Conn":{"ConnectByProxy":{"value":"False"},"ConnectRetryCount":{"value":"1"},"ConnectRetryInterval":{"value":"5"},"ConnectUsingManagedIdentity":{"value":"False"},"ConnectionString":{"value":"Data Source=abeamrpdev.7006065fdbb7.database.windows.net;User ID=dbadmin;Initial Catalog=RPDW_UAT_USR;Provider=SQLNCLI11.1;Auto Translate=False;"},"RetainSameConnection":{"value":"False"}}},"packageConnectionManagers":{"OutputTextFile_Conn":{"AlwaysCheckForRowDelimiters":{"value":"True"},"CodePage":{"value":"1252"},"ColumnNamesInFirstDataRow":{"value":"True"},"ConnectByProxy":{"value":"False"},"DataRowsToSkip":{"value":"0"},"Format":{"value":"Delimited"},"HeaderRowDelimiter":{"value":"\r\n"},"HeaderRowsToSkip":{"value":"0"},"LocaleID":{"value":"1033"},"RowDelimiter":{"value":""},"TextQualifier":{"value":"<none>"},"Unicode":{"value":"False"}}}}},{"name":"DW_ENT_HOUSEHOLD_DETAILS","type":"ExecuteSSISPackage","dependsOn":[{"activity":"DW_ENT_STUDENT_ACADEMIC_INFO","dependencyConditions":["Succeeded"]}],"policy":{"timeout":"7.00:00:00","retry":0,"retryIntervalInSeconds":30,"secureOutput":false,"secureInput":false},"userProperties":[],"typeProperties":{"packageLocation":{"packagePath":"RPDW/RPDW_USR/DW_ENT_HOUSEHOLD_DETAILS.dtsx","type":"SSISDB"},"runtime":"x64","environmentPath":null,"connectVia":{"referenceName":"AzureSSISIR","type":"IntegrationRuntimeReference"},"loggingLevel":"Basic","projectConnectionManagers":{"RPDW_Conn":{"ConnectByProxy":{"value":"False"},"ConnectRetryCount":{"value":"1"},"ConnectRetryInterval":{"value":"5"},"ConnectUsingManagedIdentity":{"value":"False"},"ConnectionString":{"value":"Data Source=abeamrpdev.7006065fdbb7.database.windows.net;User ID=dbadmin;Initial Catalog=RPDW_UAT;Provider=SQLNCLI11.1;Auto Translate=False;"},"RetainSameConnection":{"value":"False"}},"RPDW_USR_Conn":{"ConnectByProxy":{"value":"False"},"ConnectRetryCount":{"value":"1"},"ConnectRetryInterval":{"value":"5"},"ConnectUsingManagedIdentity":{"value":"False"},"ConnectionString":{"value":"Data Source=abeamrpdev.7006065fdbb7.database.windows.net;User ID=dbadmin;Initial Catalog=RPDW_UAT_USR;Provider=SQLNCLI11.1;Auto Translate=False;"},"RetainSameConnection":{"value":"False"}}},"packageConnectionManagers":{"OutputTextFile_Conn":{"AlwaysCheckForRowDelimiters":{"value":"True"},"CodePage":{"value":"1252"},"ColumnNamesInFirstDataRow":{"value":"True"},"ConnectByProxy":{"value":"False"},"DataRowsToSkip":{"value":"0"},"Format":{"value":"Delimited"},"HeaderRowDelimiter":{"value":"\r\n"},"HeaderRowsToSkip":{"value":"0"},"LocaleID":{"value":"1033"},"RowDelimiter":{"value":""},"TextQualifier":{"value":"<none>"},"Unicode":{"value":"False"}}}}},{"name":"DW_ENT_MODULE","type":"ExecuteSSISPackage","dependsOn":[{"activity":"DW_ENT_HOUSEHOLD_DETAILS","dependencyConditions":["Succeeded"]}],"policy":{"timeout":"7.00:00:00","retry":0,"retryIntervalInSeconds":30,"secureOutput":false,"secureInput":false},"userProperties":[],"typeProperties":{"packageLocation":{"packagePath":"RPDW/RPDW_USR/DW_ENT_MODULE.dtsx","type":"SSISDB"},"runtime":"x64","environmentPath":null,"connectVia":{"referenceName":"AzureSSISIR","type":"IntegrationRuntimeReference"},"loggingLevel":"Basic","projectConnectionManagers":{"RPDW_Conn":{"ConnectByProxy":{"value":"False"},"ConnectRetryCount":{"value":"1"},"ConnectRetryInterval":{"value":"5"},"ConnectUsingManagedIdentity":{"value":"False"},"ConnectionString":{"value":"Data Source=abeamrpdev.7006065fdbb7.database.windows.net;User ID=dbadmin;Initial Catalog=RPDW_UAT;Provider=SQLNCLI11.1;Auto Translate=False;"},"RetainSameConnection":{"value":"False"}},"RPDW_USR_Conn":{"ConnectByProxy":{"value":"False"},"ConnectRetryCount":{"value":"1"},"ConnectRetryInterval":{"value":"5"},"ConnectUsingManagedIdentity":{"value":"False"},"ConnectionString":{"value":"Data Source=abeamrpdev.7006065fdbb7.database.windows.net;User ID=dbadmin;Initial Catalog=RPDW_UAT_USR;Provider=SQLNCLI11.1;Auto Translate=False;"},"RetainSameConnection":{"value":"False"}}},"packageConnectionManagers":{"OutputTextFile_Conn":{"AlwaysCheckForRowDelimiters":{"value":"True"},"CodePage":{"value":"1252"},"ColumnNamesInFirstDataRow":{"value":"True"},"ConnectByProxy":{"value":"False"},"DataRowsToSkip":{"value":"0"},"Format":{"value":"Delimited"},"HeaderRowDelimiter":{"value":"\r\n"},"HeaderRowsToSkip":{"value":"0"},"LocaleID":{"value":"1033"},"RowDelimiter":{"value":""},"TextQualifier":{"value":"<none>"},"Unicode":{"value":"False"}}}}},{"name":"DW_ENT_POLY_APPLICANT","type":"ExecuteSSISPackage","dependsOn":[{"activity":"DW_ENT_MODULE","dependencyConditions":["Completed"]}],"policy":{"timeout":"7.00:00:00","retry":0,"retryIntervalInSeconds":30,"secureOutput":false,"secureInput":false},"userProperties":[],"typeProperties":{"packageLocation":{"packagePath":"RPDW/RPDW_USR/DW_ENT_POLY_APPLICANT.dtsx","type":"SSISDB"},"runtime":"x64","environmentPath":null,"connectVia":{"referenceName":"AzureSSISIR","type":"IntegrationRuntimeReference"},"loggingLevel":"Basic","packageParameters":{"NILL_Output_Connection_ConnectionString":{"value":{"value":"@pipeline().parameters.NILL_Output_Connection_ConnectionString","type":"Expression"}}},"projectConnectionManagers":{"RPDW_Conn":{"ConnectByProxy":{"value":"False"},"ConnectRetryCount":{"value":"1"},"ConnectRetryInterval":{"value":"5"},"ConnectUsingManagedIdentity":{"value":"False"},"ConnectionString":{"value":"Data Source=abeamrpdev.7006065fdbb7.database.windows.net;User ID=dbadmin;Initial Catalog=RPDW_UAT;Provider=SQLNCLI11.1;Auto Translate=False;"},"RetainSameConnection":{"value":"False"}},"RPDW_USR_Conn":{"ConnectByProxy":{"value":"False"},"ConnectRetryCount":{"value":"1"},"ConnectRetryInterval":{"value":"5"},"ConnectUsingManagedIdentity":{"value":"False"},"ConnectionString":{"value":"Data Source=abeamrpdev.7006065fdbb7.database.windows.net;User ID=dbadmin;Initial Catalog=RPDW_UAT_USR;Provider=SQLNCLI11.1;Auto Translate=False;"},"RetainSameConnection":{"value":"False"}}},"packageConnectionManagers":{"OutputTextFile_Conn":{"AlwaysCheckForRowDelimiters":{"value":"True"},"CodePage":{"value":"1252"},"ColumnNamesInFirstDataRow":{"value":"True"},"ConnectByProxy":{"value":"False"},"DataRowsToSkip":{"value":"0"},"Format":{"value":"Delimited"},"HeaderRowDelimiter":{"value":"\r\n"},"HeaderRowsToSkip":{"value":"0"},"LocaleID":{"value":"1033"},"RowDelimiter":{"value":""},"TextQualifier":{"value":"<none>"},"Unicode":{"value":"False"}}}}},{"name":"DW_ENT_STUDENT_CARE_GROUP","type":"ExecuteSSISPackage","dependsOn":[{"activity":"DW_ENT_POLY_APPLICANT","dependencyConditions":["Succeeded"]}],"policy":{"timeout":"7.00:00:00","retry":0,"retryIntervalInSeconds":30,"secureOutput":false,"secureInput":false},"userProperties":[],"typeProperties":{"packageLocation":{"packagePath":"RPDW/RPDW_USR/DW_ENT_STUDENT_CARE_GROUP.dtsx","type":"SSISDB"},"runtime":"x64","environmentPath":null,"connectVia":{"referenceName":"AzureSSISIR","type":"IntegrationRuntimeReference"},"loggingLevel":"Basic","projectConnectionManagers":{"RPDW_Conn":{"ConnectByProxy":{"value":"False"},"ConnectRetryCount":{"value":"1"},"ConnectRetryInterval":{"value":"5"},"ConnectUsingManagedIdentity":{"value":"False"},"ConnectionString":{"value":"Data Source=abeamrpdev.7006065fdbb7.database.windows.net;User ID=dbadmin;Initial Catalog=RPDW_UAT;Provider=SQLNCLI11.1;Auto Translate=False;"},"RetainSameConnection":{"value":"False"}},"RPDW_USR_Conn":{"ConnectByProxy":{"value":"False"},"ConnectRetryCount":{"value":"1"},"ConnectRetryInterval":{"value":"5"},"ConnectUsingManagedIdentity":{"value":"False"},"ConnectionString":{"value":"Data Source=abeamrpdev.7006065fdbb7.database.windows.net;User ID=dbadmin;Initial Catalog=RPDW_UAT_USR;Provider=SQLNCLI11.1;Auto Translate=False;"},"RetainSameConnection":{"value":"False"}}},"packageConnectionManagers":{"OutputTextFile_Conn":{"AlwaysCheckForRowDelimiters":{"value":"True"},"CodePage":{"value":"1252"},"ColumnNamesInFirstDataRow":{"value":"True"},"ConnectByProxy":{"value":"False"},"DataRowsToSkip":{"value":"0"},"Format":{"value":"Delimited"},"HeaderRowDelimiter":{"value":"\r\n"},"HeaderRowsToSkip":{"value":"0"},"LocaleID":{"value":"1033"},"RowDelimiter":{"value":""},"TextQualifier":{"value":"<none>"},"Unicode":{"value":"False"}}}}},{"name":"DW_ENT_STUDENT_BURSARY","type":"ExecuteSSISPackage","dependsOn":[{"activity":"DW_ENT_STUDENT_CARE_GROUP","dependencyConditions":["Succeeded"]}],"policy":{"timeout":"7.00:00:00","retry":0,"retryIntervalInSeconds":30,"secureOutput":false,"secureInput":false},"userProperties":[],"typeProperties":{"packageLocation":{"packagePath":"RPDW/RPDW_USR/DW_ENT_STUDENT_BURSARY.dtsx","type":"SSISDB"},"runtime":"x64","environmentPath":null,"connectVia":{"referenceName":"AzureSSISIR","type":"IntegrationRuntimeReference"},"loggingLevel":"Basic","projectConnectionManagers":{"RPDW_Conn":{"ConnectByProxy":{"value":"False"},"ConnectRetryCount":{"value":"1"},"ConnectRetryInterval":{"value":"5"},"ConnectUsingManagedIdentity":{"value":"False"},"ConnectionString":{"value":"Data Source=abeamrpdev.7006065fdbb7.database.windows.net;User ID=dbadmin;Initial Catalog=RPDW_UAT;Provider=SQLNCLI11.1;Auto Translate=False;"},"RetainSameConnection":{"value":"False"}},"RPDW_USR_Conn":{"ConnectByProxy":{"value":"False"},"ConnectRetryCount":{"value":"1"},"ConnectRetryInterval":{"value":"5"},"ConnectUsingManagedIdentity":{"value":"False"},"ConnectionString":{"value":"Data Source=abeamrpdev.7006065fdbb7.database.windows.net;User ID=dbadmin;Initial Catalog=RPDW_UAT_USR;Provider=SQLNCLI11.1;Auto Translate=False;"},"RetainSameConnection":{"value":"False"}}},"packageConnectionManagers":{"OutputTextFile_Conn":{"AlwaysCheckForRowDelimiters":{"value":"True"},"CodePage":{"value":"1252"},"ColumnNamesInFirstDataRow":{"value":"True"},"ConnectByProxy":{"value":"False"},"DataRowsToSkip":{"value":"0"},"Format":{"value":"Delimited"},"HeaderRowDelimiter":{"value":"\r\n"},"HeaderRowsToSkip":{"value":"0"},"LocaleID":{"value":"1033"},"RowDelimiter":{"value":""},"TextQualifier":{"value":"<none>"},"Unicode":{"value":"False"}}}}},{"name":"DW_ENT_STUDENT_CCA_DETAILS","type":"ExecuteSSISPackage","dependsOn":[{"activity":"DW_ENT_STUDENT_BURSARY","dependencyConditions":["Succeeded"]}],"policy":{"timeout":"7.00:00:00","retry":0,"retryIntervalInSeconds":30,"secureOutput":false,"secureInput":false},"userProperties":[],"typeProperties":{"packageLocation":{"packagePath":"RPDW/RPDW_USR/DW_ENT_STUDENT_CCA_DETAILS.dtsx","type":"SSISDB"},"runtime":"x64","environmentPath":null,"connectVia":{"referenceName":"AzureSSISIR","type":"IntegrationRuntimeReference"},"loggingLevel":"Basic","projectConnectionManagers":{"RPDW_Conn":{"ConnectByProxy":{"value":"False"},"ConnectRetryCount":{"value":"1"},"ConnectRetryInterval":{"value":"5"},"ConnectUsingManagedIdentity":{"value":"False"},"ConnectionString":{"value":"Data Source=abeamrpdev.7006065fdbb7.database.windows.net;User ID=dbadmin;Initial Catalog=RPDW_UAT;Provider=SQLNCLI11.1;Auto Translate=False;"},"RetainSameConnection":{"value":"False"}},"RPDW_USR_Conn":{"ConnectByProxy":{"value":"False"},"ConnectRetryCount":{"value":"1"},"ConnectRetryInterval":{"value":"5"},"ConnectUsingManagedIdentity":{"value":"False"},"ConnectionString":{"value":"Data Source=abeamrpdev.7006065fdbb7.database.windows.net;User ID=dbadmin;Initial Catalog=RPDW_UAT_USR;Provider=SQLNCLI11.1;Auto Translate=False;"},"RetainSameConnection":{"value":"False"}}},"packageConnectionManagers":{"OutputTextFile_Conn":{"AlwaysCheckForRowDelimiters":{"value":"True"},"CodePage":{"value":"1252"},"ColumnNamesInFirstDataRow":{"value":"True"},"ConnectByProxy":{"value":"False"},"DataRowsToSkip":{"value":"0"},"Format":{"value":"Delimited"},"HeaderRowDelimiter":{"value":"\r\n"},"HeaderRowsToSkip":{"value":"0"},"LocaleID":{"value":"1033"},"RowDelimiter":{"value":""},"TextQualifier":{"value":"<none>"},"Unicode":{"value":"False"}}}}},{"name":"DW_ENT_COURSE","type":"ExecuteSSISPackage","dependsOn":[{"activity":"DW_ENT_STUDENT_CCA_DETAILS","dependencyConditions":["Succeeded"]}],"policy":{"timeout":"7.00:00:00","retry":0,"retryIntervalInSeconds":30,"secureOutput":false,"secureInput":false},"userProperties":[],"typeProperties":{"packageLocation":{"packagePath":"RPDW/RPDW_USR/DW_ENT_COURSE.dtsx","type":"SSISDB"},"runtime":"x64","environmentPath":null,"connectVia":{"referenceName":"AzureSSISIR","type":"IntegrationRuntimeReference"},"loggingLevel":"Basic","packageParameters":{"NILL_Output_Connection_ConnectionString":{"value":{"value":"@pipeline().parameters.NILL_Output_Connection_ConnectionString","type":"Expression"}}},"projectConnectionManagers":{"RPDW_Conn":{"ConnectByProxy":{"value":"False"},"ConnectRetryCount":{"value":"1"},"ConnectRetryInterval":{"value":"5"},"ConnectUsingManagedIdentity":{"value":"False"},"ConnectionString":{"value":"Data Source=abeamrpdev.7006065fdbb7.database.windows.net;User ID=dbadmin;Initial Catalog=RPDW_UAT;Provider=SQLNCLI11.1;Auto Translate=False;"},"RetainSameConnection":{"value":"False"}},"RPDW_USR_Conn":{"ConnectByProxy":{"value":"False"},"ConnectRetryCount":{"value":"1"},"ConnectRetryInterval":{"value":"5"},"ConnectUsingManagedIdentity":{"value":"False"},"ConnectionString":{"value":"Data Source=abeamrpdev.7006065fdbb7.database.windows.net;User ID=dbadmin;Initial Catalog=RPDW_UAT_USR;Provider=SQLNCLI11.1;Auto Translate=False;"},"RetainSameConnection":{"value":"False"}}},"packageConnectionManagers":{"OutputTextFile_Conn":{"AlwaysCheckForRowDelimiters":{"value":"True"},"CodePage":{"value":"1252"},"ColumnNamesInFirstDataRow":{"value":"True"},"ConnectByProxy":{"value":"False"},"DataRowsToSkip":{"value":"0"},"Format":{"value":"Delimited"},"HeaderRowDelimiter":{"value":"\r\n"},"HeaderRowsToSkip":{"value":"0"},"LocaleID":{"value":"1033"},"RowDelimiter":{"value":""},"TextQualifier":{"value":"<none>"},"Unicode":{"value":"False"}}}}},{"name":"DW_ENT_MODULE_OFFER","type":"ExecuteSSISPackage","dependsOn":[{"activity":"DW_ENT_COURSE","dependencyConditions":["Succeeded"]}],"policy":{"timeout":"7.00:00:00","retry":0,"retryIntervalInSeconds":30,"secureOutput":false,"secureInput":false},"userProperties":[],"typeProperties":{"packageLocation":{"packagePath":"RPDW/RPDW_USR/DW_ENT_MODULE_OFFER.dtsx","type":"SSISDB"},"runtime":"x64","environmentPath":null,"connectVia":{"referenceName":"AzureSSISIR","type":"IntegrationRuntimeReference"},"loggingLevel":"Basic","projectConnectionManagers":{"RPDW_Conn":{"ConnectByProxy":{"value":"False"},"ConnectRetryCount":{"value":"1"},"ConnectRetryInterval":{"value":"5"},"ConnectUsingManagedIdentity":{"value":"False"},"ConnectionString":{"value":"Data Source=abeamrpdev.7006065fdbb7.database.windows.net;User ID=dbadmin;Initial Catalog=RPDW_UAT;Provider=SQLNCLI11.1;Auto Translate=False;"},"RetainSameConnection":{"value":"False"}},"RPDW_USR_Conn":{"ConnectByProxy":{"value":"False"},"ConnectRetryCount":{"value":"1"},"ConnectRetryInterval":{"value":"5"},"ConnectUsingManagedIdentity":{"value":"False"},"ConnectionString":{"value":"Data Source=abeamrpdev.7006065fdbb7.database.windows.net;User ID=dbadmin;Initial Catalog=RPDW_UAT_USR;Provider=SQLNCLI11.1;Auto Translate=False;"},"RetainSameConnection":{"value":"False"}}},"packageConnectionManagers":{"OutputTextFile_Conn":{"AlwaysCheckForRowDelimiters":{"value":"True"},"CodePage":{"value":"1252"},"ColumnNamesInFirstDataRow":{"value":"True"},"ConnectByProxy":{"value":"False"},"DataRowsToSkip":{"value":"0"},"Format":{"value":"Delimited"},"HeaderRowDelimiter":{"value":"\r\n"},"HeaderRowsToSkip":{"value":"0"},"LocaleID":{"value":"1033"},"RowDelimiter":{"value":""},"TextQualifier":{"value":"<none>"},"Unicode":{"value":"False"}}}}},{"name":"DW_ENT_STUDENT_PREPOLY","type":"ExecuteSSISPackage","dependsOn":[{"activity":"DW_ENT_MODULE_OFFER","dependencyConditions":["Succeeded"]}],"policy":{"timeout":"7.00:00:00","retry":0,"retryIntervalInSeconds":30,"secureOutput":false,"secureInput":false},"userProperties":[],"typeProperties":{"packageLocation":{"packagePath":"RPDW/RPDW_USR/DW_ENT_STUDENT_PREPOLY.dtsx","type":"SSISDB"},"runtime":"x64","environmentPath":null,"connectVia":{"referenceName":"AzureSSISIR","type":"IntegrationRuntimeReference"},"loggingLevel":"Basic","projectConnectionManagers":{"RPDW_Conn":{"ConnectByProxy":{"value":"False"},"ConnectRetryCount":{"value":"1"},"ConnectRetryInterval":{"value":"5"},"ConnectUsingManagedIdentity":{"value":"False"},"ConnectionString":{"value":"Data Source=abeamrpdev.7006065fdbb7.database.windows.net;User ID=dbadmin;Initial Catalog=RPDW_UAT;Provider=SQLNCLI11.1;Auto Translate=False;"},"RetainSameConnection":{"value":"False"}},"RPDW_USR_Conn":{"ConnectByProxy":{"value":"False"},"ConnectRetryCount":{"value":"1"},"ConnectRetryInterval":{"value":"5"},"ConnectUsingManagedIdentity":{"value":"False"},"ConnectionString":{"value":"Data Source=abeamrpdev.7006065fdbb7.database.windows.net;User ID=dbadmin;Initial Catalog=RPDW_UAT_USR;Provider=SQLNCLI11.1;Auto Translate=False;"},"RetainSameConnection":{"value":"False"}}},"packageConnectionManagers":{"OutputTextFile_Conn":{"AlwaysCheckForRowDelimiters":{"value":"True"},"CodePage":{"value":"1252"},"ColumnNamesInFirstDataRow":{"value":"True"},"ConnectByProxy":{"value":"False"},"DataRowsToSkip":{"value":"0"},"Format":{"value":"Delimited"},"HeaderRowDelimiter":{"value":"\r\n"},"HeaderRowsToSkip":{"value":"0"},"LocaleID":{"value":"1033"},"RowDelimiter":{"value":""},"TextQualifier":{"value":"<none>"},"Unicode":{"value":"False"}}}}},{"name":"DW_ENT_STUDENT","type":"ExecuteSSISPackage","dependsOn":[{"activity":"DW_ENT_STUDENT_PREPOLY","dependencyConditions":["Succeeded"]}],"policy":{"timeout":"7.00:00:00","retry":0,"retryIntervalInSeconds":30,"secureOutput":false,"secureInput":false},"userProperties":[],"typeProperties":{"packageLocation":{"packagePath":"RPDW/RPDW_USR/DW_ENT_STUDENT.dtsx","type":"SSISDB"},"runtime":"x64","environmentPath":null,"connectVia":{"referenceName":"AzureSSISIR","type":"IntegrationRuntimeReference"},"loggingLevel":"Basic","projectConnectionManagers":{"RPDW_Conn":{"ConnectByProxy":{"value":"False"},"ConnectRetryCount":{"value":"1"},"ConnectRetryInterval":{"value":"5"},"ConnectUsingManagedIdentity":{"value":"False"},"ConnectionString":{"value":"Data Source=abeamrpdev.7006065fdbb7.database.windows.net;User ID=dbadmin;Initial Catalog=RPDW_UAT;Provider=SQLNCLI11.1;Auto Translate=False;"},"RetainSameConnection":{"value":"False"}},"RPDW_USR_Conn":{"ConnectByProxy":{"value":"False"},"ConnectRetryCount":{"value":"1"},"ConnectRetryInterval":{"value":"5"},"ConnectUsingManagedIdentity":{"value":"False"},"ConnectionString":{"value":"Data Source=abeamrpdev.7006065fdbb7.database.windows.net;User ID=dbadmin;Initial Catalog=RPDW_UAT_USR;Provider=SQLNCLI11.1;Auto Translate=False;"},"RetainSameConnection":{"value":"False"}}},"packageConnectionManagers":{"OutputTextFile_Conn":{"AlwaysCheckForRowDelimiters":{"value":"True"},"CodePage":{"value":"1252"},"ColumnNamesInFirstDataRow":{"value":"True"},"ConnectByProxy":{"value":"False"},"DataRowsToSkip":{"value":"0"},"Format":{"value":"Delimited"},"HeaderRowDelimiter":{"value":"\r\n"},"HeaderRowsToSkip":{"value":"0"},"LocaleID":{"value":"1033"},"RowDelimiter":{"value":""},"TextQualifier":{"value":"<none>"},"Unicode":{"value":"False"}}}}},{"name":"DW_ENT_STUDENT_MOVEMENT","type":"ExecuteSSISPackage","dependsOn":[{"activity":"DW_ENT_STUDENT","dependencyConditions":["Succeeded"]}],"policy":{"timeout":"7.00:00:00","retry":0,"retryIntervalInSeconds":30,"secureOutput":false,"secureInput":false},"userProperties":[],"typeProperties":{"packageLocation":{"packagePath":"RPDW/RPDW_USR/DW_ENT_STUDENT_MOVEMENT.dtsx","type":"SSISDB"},"runtime":"x64","environmentPath":null,"connectVia":{"referenceName":"AzureSSISIR","type":"IntegrationRuntimeReference"},"loggingLevel":"Basic","projectConnectionManagers":{"RPDW_Conn":{"ConnectByProxy":{"value":"False"},"ConnectRetryCount":{"value":"1"},"ConnectRetryInterval":{"value":"5"},"ConnectUsingManagedIdentity":{"value":"False"},"ConnectionString":{"value":"Data Source=abeamrpdev.7006065fdbb7.database.windows.net;User ID=dbadmin;Initial Catalog=RPDW_UAT;Provider=SQLNCLI11.1;Auto Translate=False;"},"RetainSameConnection":{"value":"False"}},"RPDW_USR_Conn":{"ConnectByProxy":{"value":"False"},"ConnectRetryCount":{"value":"1"},"ConnectRetryInterval":{"value":"5"},"ConnectUsingManagedIdentity":{"value":"False"},"ConnectionString":{"value":"Data Source=abeamrpdev.7006065fdbb7.database.windows.net;User ID=dbadmin;Initial Catalog=RPDW_UAT_USR;Provider=SQLNCLI11.1;Auto Translate=False;"},"RetainSameConnection":{"value":"False"}}},"packageConnectionManagers":{"OutputTextFile_Conn":{"AlwaysCheckForRowDelimiters":{"value":"True"},"CodePage":{"value":"1252"},"ColumnNamesInFirstDataRow":{"value":"True"},"ConnectByProxy":{"value":"False"},"DataRowsToSkip":{"value":"0"},"Format":{"value":"Delimited"},"HeaderRowDelimiter":{"value":"\r\n"},"HeaderRowsToSkip":{"value":"0"},"LocaleID":{"value":"1033"},"RowDelimiter":{"value":""},"TextQualifier":{"value":"<none>"},"Unicode":{"value":"False"}}}}},{"name":"DW_ENT_STUDENT_DISCIPLINE","type":"ExecuteSSISPackage","dependsOn":[{"activity":"DW_ENT_STUDENT_MOVEMENT","dependencyConditions":["Succeeded"]}],"policy":{"timeout":"7.00:00:00","retry":0,"retryIntervalInSeconds":30,"secureOutput":false,"secureInput":false},"userProperties":[],"typeProperties":{"packageLocation":{"packagePath":"RPDW/RPDW_USR/DW_ENT_STUDENT_DISCIPLINE.dtsx","type":"SSISDB"},"runtime":"x64","environmentPath":null,"connectVia":{"referenceName":"AzureSSISIR","type":"IntegrationRuntimeReference"},"loggingLevel":"Basic","projectConnectionManagers":{"RPDW_Conn":{"ConnectByProxy":{"value":"False"},"ConnectRetryCount":{"value":"1"},"ConnectRetryInterval":{"value":"5"},"ConnectUsingManagedIdentity":{"value":"False"},"ConnectionString":{"value":"Data Source=abeamrpdev.7006065fdbb7.database.windows.net;User ID=dbadmin;Initial Catalog=RPDW_UAT;Provider=SQLNCLI11.1;Auto Translate=False;"},"RetainSameConnection":{"value":"False"}},"RPDW_USR_Conn":{"ConnectByProxy":{"value":"False"},"ConnectRetryCount":{"value":"1"},"ConnectRetryInterval":{"value":"5"},"ConnectUsingManagedIdentity":{"value":"False"},"ConnectionString":{"value":"Data Source=abeamrpdev.7006065fdbb7.database.windows.net;User ID=dbadmin;Initial Catalog=RPDW_UAT_USR;Provider=SQLNCLI11.1;Auto Translate=False;"},"RetainSameConnection":{"value":"False"}}},"packageConnectionManagers":{"OutputTextFile_Conn":{"AlwaysCheckForRowDelimiters":{"value":"True"},"CodePage":{"value":"1252"},"ColumnNamesInFirstDataRow":{"value":"True"},"ConnectByProxy":{"value":"False"},"DataRowsToSkip":{"value":"0"},"Format":{"value":"Delimited"},"HeaderRowDelimiter":{"value":"\r\n"},"HeaderRowsToSkip":{"value":"0"},"LocaleID":{"value":"1033"},"RowDelimiter":{"value":""},"TextQualifier":{"value":"<none>"},"Unicode":{"value":"False"}}}}},{"name":"DW_ENT_STUDENT_CLASS_SCHEDULE","type":"ExecuteSSISPackage","dependsOn":[{"activity":"DW_ENT_STUDENT_DISCIPLINE","dependencyConditions":["Succeeded"]}],"policy":{"timeout":"7.00:00:00","retry":0,"retryIntervalInSeconds":30,"secureOutput":false,"secureInput":false},"userProperties":[],"typeProperties":{"packageLocation":{"packagePath":"RPDW/RPDW_USR/DW_ENT_STUDENT_CLASS_SCHEDULE.dtsx","type":"SSISDB"},"runtime":"x64","environmentPath":null,"connectVia":{"referenceName":"AzureSSISIR","type":"IntegrationRuntimeReference"},"loggingLevel":"Basic","packageParameters":{"NILL_Output_Connection_ConnectionString":{"value":{"value":"@pipeline().parameters.NILL_Output_Connection_ConnectionString","type":"Expression"}}},"projectConnectionManagers":{"RPDW_Conn":{"ConnectByProxy":{"value":"False"},"ConnectRetryCount":{"value":"1"},"ConnectRetryInterval":{"value":"5"},"ConnectUsingManagedIdentity":{"value":"False"},"ConnectionString":{"value":"Data Source=abeamrpdev.7006065fdbb7.database.windows.net;User ID=dbadmin;Initial Catalog=RPDW_UAT;Provider=SQLNCLI11.1;Auto Translate=False;"},"RetainSameConnection":{"value":"False"}},"RPDW_USR_Conn":{"ConnectByProxy":{"value":"False"},"ConnectRetryCount":{"value":"1"},"ConnectRetryInterval":{"value":"5"},"ConnectUsingManagedIdentity":{"value":"False"},"ConnectionString":{"value":"Data Source=abeamrpdev.7006065fdbb7.database.windows.net;User ID=dbadmin;Initial Catalog=RPDW_UAT_USR;Provider=SQLNCLI11.1;Auto Translate=False;"},"RetainSameConnection":{"value":"False"}}},"packageConnectionManagers":{"OutputTextFile_Conn":{"AlwaysCheckForRowDelimiters":{"value":"True"},"CodePage":{"value":"1252"},"ColumnNamesInFirstDataRow":{"value":"True"},"ConnectByProxy":{"value":"False"},"DataRowsToSkip":{"value":"0"},"Format":{"value":"Delimited"},"HeaderRowDelimiter":{"value":"\r\n"},"HeaderRowsToSkip":{"value":"0"},"LocaleID":{"value":"1033"},"RowDelimiter":{"value":""},"TextQualifier":{"value":"<none>"},"Unicode":{"value":"False"}}}}},{"name":"DW_ENT_STUDENT_LOA","type":"ExecuteSSISPackage","dependsOn":[{"activity":"DW_ENT_STUDENT_CLASS_SCHEDULE","dependencyConditions":["Succeeded"]}],"policy":{"timeout":"7.00:00:00","retry":0,"retryIntervalInSeconds":30,"secureOutput":false,"secureInput":false},"userProperties":[],"typeProperties":{"packageLocation":{"packagePath":"RPDW/RPDW_USR/DW_ENT_STUDENT_LOA.dtsx","type":"SSISDB"},"runtime":"x64","environmentPath":null,"connectVia":{"referenceName":"AzureSSISIR","type":"IntegrationRuntimeReference"},"loggingLevel":"Basic","packageParameters":{"NILL_Output_Connection_ConnectionString":{"value":{"value":"@pipeline().parameters.NILL_Output_Connection_ConnectionString","type":"Expression"}}},"projectConnectionManagers":{"RPDW_Conn":{"ConnectByProxy":{"value":"False"},"ConnectRetryCount":{"value":"1"},"ConnectRetryInterval":{"value":"5"},"ConnectUsingManagedIdentity":{"value":"False"},"ConnectionString":{"value":"Data Source=abeamrpdev.7006065fdbb7.database.windows.net;User ID=dbadmin;Initial Catalog=RPDW_UAT;Provider=SQLNCLI11.1;Auto Translate=False;"},"RetainSameConnection":{"value":"False"}},"RPDW_USR_Conn":{"ConnectByProxy":{"value":"False"},"ConnectRetryCount":{"value":"1"},"ConnectRetryInterval":{"value":"5"},"ConnectUsingManagedIdentity":{"value":"False"},"ConnectionString":{"value":"Data Source=abeamrpdev.7006065fdbb7.database.windows.net;User ID=dbadmin;Initial Catalog=RPDW_UAT_USR;Provider=SQLNCLI11.1;Auto Translate=False;"},"RetainSameConnection":{"value":"False"}}},"packageConnectionManagers":{"OutputTextFile_Conn":{"AlwaysCheckForRowDelimiters":{"value":"True"},"CodePage":{"value":"1252"},"ColumnNamesInFirstDataRow":{"value":"True"},"ConnectByProxy":{"value":"False"},"DataRowsToSkip":{"value":"0"},"Format":{"value":"Delimited"},"HeaderRowDelimiter":{"value":"\r\n"},"HeaderRowsToSkip":{"value":"0"},"LocaleID":{"value":"1033"},"RowDelimiter":{"value":""},"TextQualifier":{"value":"<none>"},"Unicode":{"value":"False"}}}}},{"name":"DW_EMAIL_WEEKLY_TUESDAY","type":"ExecuteSSISPackage","dependsOn":[{"activity":"DW_ENT_STUDENT_LOA","dependencyConditions":["Succeeded"]}],"policy":{"timeout":"7.00:00:00","retry":0,"retryIntervalInSeconds":30,"secureOutput":false,"secureInput":false},"userProperties":[],"typeProperties":{"packageLocation":{"packagePath":"RPDW/RPDW_USR/DW_EMAIL_WEEKLY_TUESDAY.dtsx","type":"SSISDB"},"runtime":"x64","environmentPath":null,"connectVia":{"referenceName":"AzureSSISIR","type":"IntegrationRuntimeReference"},"loggingLevel":"Basic","packageParameters":{"NILL_Output_Connection_ConnectionString":{"value":{"value":"@pipeline().parameters.NILL_Output_Connection_ConnectionString","type":"Expression"}}},"projectConnectionManagers":{"RPDW_Conn":{"ConnectByProxy":{"value":"False"},"ConnectRetryCount":{"value":"1"},"ConnectRetryInterval":{"value":"5"},"ConnectUsingManagedIdentity":{"value":"False"},"ConnectionString":{"value":"Data Source=abeamrpdev.7006065fdbb7.database.windows.net;User ID=dbadmin;Initial Catalog=RPDW_UAT;Provider=SQLNCLI11.1;Auto Translate=False;"},"RetainSameConnection":{"value":"False"}},"RPDW_USR_Conn":{"ConnectByProxy":{"value":"False"},"ConnectRetryCount":{"value":"1"},"ConnectRetryInterval":{"value":"5"},"ConnectUsingManagedIdentity":{"value":"False"},"ConnectionString":{"value":"Data Source=abeamrpdev.7006065fdbb7.database.windows.net;User ID=dbadmin;Initial Catalog=RPDW_UAT_USR;Provider=SQLNCLI11.1;Auto Translate=False;"},"RetainSameConnection":{"value":"False"}}},"packageConnectionManagers":{}}},{"name":"SEND_EMAIL","type":"SqlServerStoredProcedure","dependsOn":[{"activity":"DW_EMAIL_WEEKLY_TUESDAY","dependencyConditions":["Succeeded"]}],"policy":{"timeout":"7.00:00:00","retry":0,"retryIntervalInSeconds":30,"secureOutput":false,"secureInput":false},"userProperties":[],"typeProperties":{"storedProcedureName":"[[dbo].[usp_AIE_Send_Email_test]","storedProcedureParameters":{"Subject":{"value":{"value":"@pipeline().parameters.Subject","type":"Expression"},"type":"String"}}},"linkedServiceName":{"referenceName":"[parameters('ls_rpdwusr_sqlmi')]","type":"LinkedServiceReference"}},{"name":"WEEKLY_FTP","type":"ExecuteSSISPackage","dependsOn":[{"activity":"SEND_EMAIL","dependencyConditions":["Succeeded"]}],"policy":{"timeout":"7.00:00:00","retry":0,"retryIntervalInSeconds":30,"secureOutput":false,"secureInput":false},"userProperties":[],"typeProperties":{"packageLocation":{"packagePath":"RPDW/RPDW_USR/RPDW_USR_FTP_WEEKLY.dtsx","type":"SSISDB"},"runtime":"x64","environmentPath":null,"connectVia":{"referenceName":"AzureSSISIR","type":"IntegrationRuntimeReference"},"loggingLevel":"Basic","projectConnectionManagers":{"RPDW_Conn":{"ConnectByProxy":{"value":"False"},"ConnectRetryCount":{"value":"1"},"ConnectRetryInterval":{"value":"5"},"ConnectUsingManagedIdentity":{"value":"False"},"ConnectionString":{"value":"Data Source=abeamrpdev.7006065fdbb7.database.windows.net;User ID=dbadmin;Initial Catalog=RPDW_UAT;Provider=SQLNCLI11.1;Auto Translate=False;"},"RetainSameConnection":{"value":"False"}},"RPDW_USR_Conn":{"ConnectByProxy":{"value":"False"},"ConnectRetryCount":{"value":"1"},"ConnectRetryInterval":{"value":"5"},"ConnectUsingManagedIdentity":{"value":"False"},"ConnectionString":{"value":"Data Source=abeamrpdev.7006065fdbb7.database.windows.net;User ID=dbadmin;Initial Catalog=RPDW_UAT_USR;Provider=SQLNCLI11.1;Auto Translate=False;"},"RetainSameConnection":{"value":"False"}}},"packageConnectionManagers":{}}}],"policy":{"elapsedTimeMetric":{},"cancelAfter":{}},"parameters":{"NILL_Output_Connection_ConnectionString":{"type":"string","defaultValue":"\\\\Dev-rpsvr01\\RPDW_USR\\AIE\\AIE_UAT\\DW\\DW_course_20201206.txt"},"Subject":{"type":"string","defaultValue":"Weekly Tuesday RPDW_USR Extraction"}},"folder":{"name":"Scheduled Jobs"},"annotations":[],"lastPublishTime":"2022-02-15T10:58:03Z"},"dependsOn":[]}]}