{"$schema":"http://schema.management.azure.com/schemas/2015-01-01/deploymentTemplate.json#","contentVersion":"1.0.0.0","parameters":{"factoryName":{"type":"string","metadata":"Data Factory name"}},"variables":{"factoryId":"[concat('Microsoft.DataFactory/factories/', parameters('factoryName'))]"},"resources":[{"name":"[concat(parameters('factoryName'), '/Generated for AdhocRun-Phase2Framework')]","type":"Microsoft.DataFactory/factories/pipelines","apiVersion":"2018-06-01","properties":{"description":"Generated by SSIS Job Migration Wizard from SSMS","activities":[{"name":"PHASE2 Framework - SRC to PSTG - CSV","description":"Generated by SSIS Job Migration Wizard from SSMS","type":"ExecuteSSISPackage","dependsOn":[],"policy":{"timeout":"7.00:00:00","retry":0,"retryIntervalInSeconds":30,"secureOutput":true,"secureInput":false},"userProperties":[],"typeProperties":{"packageLocation":{"packagePath":"\\\\rpadfsdev001.file.core.windows.net\\Phase2_PSTG_Framework_ManualRun\\Csv_Extraction_ManualRun.dtsx","type":"File","typeProperties":{"packagePassword":{"type":"SecureString","value":"**********"},"accessCredential":{"domain":"Azure","userName":"rpadfsdev001","password":{"type":"SecureString","value":"**********"}}}},"runtime":"x64","connectVia":{"referenceName":"AzureSSISIR","type":"IntegrationRuntimeReference"},"loggingLevel":"Basic","projectConnectionManagers":{},"packageConnectionManagers":{},"logLocation":{"logPath":"\\\\rpadfsdev001.file.core.windows.net\\Logs","type":"File","typeProperties":{"accessCredential":{"domain":"Azure","userName":"rpadfsdev001","password":{"type":"SecureString","value":"**********"}}}}}},{"name":"PHASE2 Framework - PSTG to STG","description":"Generated by SSIS Job Migration Wizard from SSMS","type":"ExecuteSSISPackage","dependsOn":[{"activity":"PHASE2 Framework - SRC to PSTG - CSV","dependencyConditions":["Succeeded"]}],"policy":{"timeout":"7.00:00:00","retry":0,"retryIntervalInSeconds":30,"secureOutput":true,"secureInput":false},"userProperties":[],"typeProperties":{"packageLocation":{"packagePath":"\\\\rpadfsdev001.file.core.windows.net\\Phase2_STG_Framework_ManualRun\\STG_Framework_ManualRun.dtsx","type":"File","typeProperties":{"packagePassword":{"type":"SecureString","value":"**********"},"accessCredential":{"domain":"Azure","userName":"rpadfsdev001","password":{"type":"SecureString","value":"**********"}}}},"runtime":"x64","connectVia":{"referenceName":"AzureSSISIR","type":"IntegrationRuntimeReference"},"loggingLevel":"Basic","projectConnectionManagers":{},"packageConnectionManagers":{},"logLocation":{"logPath":"\\\\rpadfsdev001.file.core.windows.net\\Logs","type":"File","typeProperties":{"accessCredential":{"domain":"Azure","userName":"rpadfsdev001","password":{"type":"SecureString","value":"**********"}}}}}}],"policy":{"elapsedTimeMetric":{},"cancelAfter":{}},"folder":{"name":"Scheduled Jobs"},"annotations":[],"lastPublishTime":"2022-02-11T10:19:25Z"},"dependsOn":[]}]}