{"$schema":"http://schema.management.azure.com/schemas/2015-01-01/deploymentTemplate.json#","contentVersion":"1.0.0.0","parameters":{"factoryName":{"type":"string","metadata":"Data Factory name"},"ls_rpdwusr_sqlmi":{"type":"string"}},"variables":{"factoryId":"[concat('Microsoft.DataFactory/factories/', parameters('factoryName'))]"},"resources":[{"name":"[concat(parameters('factoryName'), '/pl_AIE_Monthly_First_Day')]","type":"Microsoft.DataFactory/factories/pipelines","apiVersion":"2018-06-01","properties":{"description":"First Day of the Month Job Run (See Schedules Tab for details)","activities":[{"name":"DW_ENT_ICARE_RESPONSES","type":"ExecuteSSISPackage","dependsOn":[],"policy":{"timeout":"7.00:00:00","retry":0,"retryIntervalInSeconds":30,"secureOutput":false,"secureInput":false},"userProperties":[],"typeProperties":{"packageLocation":{"packagePath":"RPDW/RPDW_USR/DW_ENT_ICARE_RESPONSES.dtsx","type":"SSISDB"},"runtime":"x64","environmentPath":null,"connectVia":{"referenceName":"AzureSSISIR","type":"IntegrationRuntimeReference"},"loggingLevel":"Basic","projectConnectionManagers":{"RPDW_Conn":{"ConnectByProxy":{"value":"False"},"ConnectRetryCount":{"value":"1"},"ConnectRetryInterval":{"value":"5"},"ConnectUsingManagedIdentity":{"value":"False"},"ConnectionString":{"value":"Data Source=abeamrpdev.7006065fdbb7.database.windows.net;User ID=dbadmin;Initial Catalog=RPDW_UAT;Provider=SQLNCLI11.1;Auto Translate=False;"},"RetainSameConnection":{"value":"False"}},"RPDW_USR_Conn":{"ConnectByProxy":{"value":"False"},"ConnectRetryCount":{"value":"1"},"ConnectRetryInterval":{"value":"5"},"ConnectUsingManagedIdentity":{"value":"False"},"ConnectionString":{"value":"Data Source=abeamrpdev.7006065fdbb7.database.windows.net;User ID=dbadmin;Initial Catalog=RPDW_UAT_USR;Provider=SQLNCLI11.1;Auto Translate=False;"},"RetainSameConnection":{"value":"False"}}},"packageConnectionManagers":{"OutputTextFile_Conn":{"AlwaysCheckForRowDelimiters":{"value":"True"},"CodePage":{"value":"1252"},"ColumnNamesInFirstDataRow":{"value":"True"},"ConnectByProxy":{"value":"False"},"DataRowsToSkip":{"value":"0"},"Format":{"value":"Delimited"},"HeaderRowDelimiter":{"value":"\r\n"},"HeaderRowsToSkip":{"value":"0"},"LocaleID":{"value":"1033"},"RowDelimiter":{"value":""},"TextQualifier":{"value":"<none>"},"Unicode":{"value":"False"}}}}},{"name":"DW_ENT_TERM_SETUP","type":"ExecuteSSISPackage","dependsOn":[{"activity":"DW_ENT_ICARE_RESPONSES","dependencyConditions":["Succeeded"]}],"policy":{"timeout":"7.00:00:00","retry":0,"retryIntervalInSeconds":30,"secureOutput":false,"secureInput":false},"userProperties":[],"typeProperties":{"packageLocation":{"packagePath":"RPDW/RPDW_USR/DW_ENT_TERM_SETUP.dtsx","type":"SSISDB"},"runtime":"x64","environmentPath":null,"connectVia":{"referenceName":"AzureSSISIR","type":"IntegrationRuntimeReference"},"loggingLevel":"Basic","packageParameters":{"NILL_Output_Connection_ConnectionString":{"value":{"value":"@pipeline().parameters.NILL_Output_Connection_ConnectionString","type":"Expression"}}},"projectConnectionManagers":{"RPDW_Conn":{"ConnectByProxy":{"value":"False"},"ConnectRetryCount":{"value":"1"},"ConnectRetryInterval":{"value":"5"},"ConnectUsingManagedIdentity":{"value":"False"},"ConnectionString":{"value":"Data Source=abeamrpdev.7006065fdbb7.database.windows.net;User ID=dbadmin;Initial Catalog=RPDW_UAT;Provider=SQLNCLI11.1;Auto Translate=False;"},"RetainSameConnection":{"value":"False"}},"RPDW_USR_Conn":{"ConnectByProxy":{"value":"False"},"ConnectRetryCount":{"value":"1"},"ConnectRetryInterval":{"value":"5"},"ConnectUsingManagedIdentity":{"value":"False"},"ConnectionString":{"value":"Data Source=abeamrpdev.7006065fdbb7.database.windows.net;User ID=dbadmin;Initial Catalog=RPDW_UAT_USR;Provider=SQLNCLI11.1;Auto Translate=False;"},"RetainSameConnection":{"value":"False"}}},"packageConnectionManagers":{"OutputTextFile_Conn":{"AlwaysCheckForRowDelimiters":{"value":"True"},"CodePage":{"value":"1252"},"ColumnNamesInFirstDataRow":{"value":"True"},"ConnectByProxy":{"value":"False"},"DataRowsToSkip":{"value":"0"},"Format":{"value":"Delimited"},"HeaderRowDelimiter":{"value":"\r\n"},"HeaderRowsToSkip":{"value":"0"},"LocaleID":{"value":"1033"},"RowDelimiter":{"value":""},"TextQualifier":{"value":"<none>"},"Unicode":{"value":"False"}}}}},{"name":"DW_ENT_OASIS_MASTER_CODE","type":"ExecuteSSISPackage","dependsOn":[{"activity":"DW_ENT_TERM_SETUP","dependencyConditions":["Succeeded"]}],"policy":{"timeout":"7.00:00:00","retry":0,"retryIntervalInSeconds":30,"secureOutput":false,"secureInput":false},"userProperties":[],"typeProperties":{"packageLocation":{"packagePath":"RPDW/RPDW_USR/DW_ENT_OASIS_MASTER_CODE.dtsx","type":"SSISDB"},"runtime":"x64","environmentPath":null,"connectVia":{"referenceName":"AzureSSISIR","type":"IntegrationRuntimeReference"},"loggingLevel":"Basic","packageParameters":{"NILL_Output_Connection_ConnectionString":{"value":{"value":"@pipeline().parameters.NILL_Output_Connection_ConnectionString","type":"Expression"}}},"projectConnectionManagers":{"RPDW_Conn":{"ConnectByProxy":{"value":"False"},"ConnectRetryCount":{"value":"1"},"ConnectRetryInterval":{"value":"5"},"ConnectUsingManagedIdentity":{"value":"False"},"ConnectionString":{"value":"Data Source=abeamrpdev.7006065fdbb7.database.windows.net;User ID=dbadmin;Initial Catalog=RPDW_UAT;Provider=SQLNCLI11.1;Auto Translate=False;"},"RetainSameConnection":{"value":"False"}},"RPDW_USR_Conn":{"ConnectByProxy":{"value":"False"},"ConnectRetryCount":{"value":"1"},"ConnectRetryInterval":{"value":"5"},"ConnectUsingManagedIdentity":{"value":"False"},"ConnectionString":{"value":"Data Source=abeamrpdev.7006065fdbb7.database.windows.net;User ID=dbadmin;Initial Catalog=RPDW_UAT_USR;Provider=SQLNCLI11.1;Auto Translate=False;"},"RetainSameConnection":{"value":"False"}}},"packageConnectionManagers":{"OutputTextFile_Conn":{"AlwaysCheckForRowDelimiters":{"value":"True"},"CodePage":{"value":"1252"},"ColumnNamesInFirstDataRow":{"value":"True"},"ConnectByProxy":{"value":"False"},"DataRowsToSkip":{"value":"0"},"Format":{"value":"Delimited"},"HeaderRowDelimiter":{"value":"\r\n"},"HeaderRowsToSkip":{"value":"0"},"LocaleID":{"value":"1033"},"RowDelimiter":{"value":""},"TextQualifier":{"value":"<none>"},"Unicode":{"value":"False"}}}}},{"name":"DW_ENT_LEO_MASTER_CODE","type":"ExecuteSSISPackage","dependsOn":[{"activity":"DW_ENT_OASIS_MASTER_CODE","dependencyConditions":["Succeeded"]}],"policy":{"timeout":"7.00:00:00","retry":0,"retryIntervalInSeconds":30,"secureOutput":false,"secureInput":false},"userProperties":[],"typeProperties":{"packageLocation":{"packagePath":"RPDW/RPDW_USR/DW_ENT_LEO_MASTER_CODE.dtsx","type":"SSISDB"},"runtime":"x64","environmentPath":null,"connectVia":{"referenceName":"AzureSSISIR","type":"IntegrationRuntimeReference"},"loggingLevel":"Basic","packageParameters":{"NILL_Output_Connection_ConnectionString":{"value":{"value":"@pipeline().parameters.NILL_Output_Connection_ConnectionString","type":"Expression"}}},"projectConnectionManagers":{"RPDW_Conn":{"ConnectByProxy":{"value":"False"},"ConnectRetryCount":{"value":"1"},"ConnectRetryInterval":{"value":"5"},"ConnectUsingManagedIdentity":{"value":"False"},"ConnectionString":{"value":"Data Source=abeamrpdev.7006065fdbb7.database.windows.net;User ID=dbadmin;Initial Catalog=RPDW_UAT;Provider=SQLNCLI11.1;Auto Translate=False;"},"RetainSameConnection":{"value":"False"}},"RPDW_USR_Conn":{"ConnectByProxy":{"value":"False"},"ConnectRetryCount":{"value":"1"},"ConnectRetryInterval":{"value":"5"},"ConnectUsingManagedIdentity":{"value":"False"},"ConnectionString":{"value":"Data Source=abeamrpdev.7006065fdbb7.database.windows.net;User ID=dbadmin;Initial Catalog=RPDW_UAT_USR;Provider=SQLNCLI11.1;Auto Translate=False;"},"RetainSameConnection":{"value":"False"}}},"packageConnectionManagers":{"OutputTextFile_Conn":{"AlwaysCheckForRowDelimiters":{"value":"True"},"CodePage":{"value":"1252"},"ColumnNamesInFirstDataRow":{"value":"True"},"ConnectByProxy":{"value":"False"},"DataRowsToSkip":{"value":"0"},"Format":{"value":"Delimited"},"HeaderRowDelimiter":{"value":"\r\n"},"HeaderRowsToSkip":{"value":"0"},"LocaleID":{"value":"1033"},"RowDelimiter":{"value":""},"TextQualifier":{"value":"<none>"},"Unicode":{"value":"False"}}}}},{"name":"DW_EMAIL_MONTHLY","type":"ExecuteSSISPackage","dependsOn":[{"activity":"DW_ENT_LEO_MASTER_CODE","dependencyConditions":["Succeeded"]}],"policy":{"timeout":"7.00:00:00","retry":0,"retryIntervalInSeconds":30,"secureOutput":false,"secureInput":false},"userProperties":[],"typeProperties":{"packageLocation":{"packagePath":"RPDW/RPDW_USR/DW_EMAIL_MONTHLY.dtsx","type":"SSISDB"},"runtime":"x64","environmentPath":null,"connectVia":{"referenceName":"AzureSSISIR","type":"IntegrationRuntimeReference"},"loggingLevel":"Basic","packageParameters":{"NILL_Output_Connection_ConnectionString":{"value":{"value":"@pipeline().parameters.NILL_Output_Connection_ConnectionString","type":"Expression"}}},"projectConnectionManagers":{"RPDW_Conn":{"ConnectByProxy":{"value":"False"},"ConnectRetryCount":{"value":"1"},"ConnectRetryInterval":{"value":"5"},"ConnectUsingManagedIdentity":{"value":"False"},"ConnectionString":{"value":"Data Source=abeamrpdev.7006065fdbb7.database.windows.net;User ID=dbadmin;Initial Catalog=RPDW_UAT;Provider=SQLNCLI11.1;Auto Translate=False;"},"RetainSameConnection":{"value":"False"}},"RPDW_USR_Conn":{"ConnectByProxy":{"value":"False"},"ConnectRetryCount":{"value":"1"},"ConnectRetryInterval":{"value":"5"},"ConnectUsingManagedIdentity":{"value":"False"},"ConnectionString":{"value":"Data Source=abeamrpdev.7006065fdbb7.database.windows.net;User ID=dbadmin;Initial Catalog=RPDW_UAT_USR;Provider=SQLNCLI11.1;Auto Translate=False;"},"RetainSameConnection":{"value":"False"}}},"packageConnectionManagers":{}}},{"name":"MONTHLY_FTP","type":"ExecuteSSISPackage","dependsOn":[{"activity":"SEND_EMAIL","dependencyConditions":["Succeeded"]}],"policy":{"timeout":"7.00:00:00","retry":0,"retryIntervalInSeconds":30,"secureOutput":false,"secureInput":false},"userProperties":[],"typeProperties":{"packageLocation":{"packagePath":"RPDW/RPDW_USR/RPDW_USR_FTP_MONTHLY.dtsx","type":"SSISDB"},"runtime":"x64","environmentPath":null,"connectVia":{"referenceName":"AzureSSISIR","type":"IntegrationRuntimeReference"},"loggingLevel":"Basic","projectConnectionManagers":{"RPDW_Conn":{"ConnectByProxy":{"value":"False"},"ConnectRetryCount":{"value":"1"},"ConnectRetryInterval":{"value":"5"},"ConnectUsingManagedIdentity":{"value":"False"},"ConnectionString":{"value":"Data Source=abeamrpdev.7006065fdbb7.database.windows.net;User ID=dbadmin;Initial Catalog=RPDW_UAT;Provider=SQLNCLI11.1;Auto Translate=False;"},"RetainSameConnection":{"value":"False"}},"RPDW_USR_Conn":{"ConnectByProxy":{"value":"False"},"ConnectRetryCount":{"value":"1"},"ConnectRetryInterval":{"value":"5"},"ConnectUsingManagedIdentity":{"value":"False"},"ConnectionString":{"value":"Data Source=abeamrpdev.7006065fdbb7.database.windows.net;User ID=dbadmin;Initial Catalog=RPDW_UAT_USR;Provider=SQLNCLI11.1;Auto Translate=False;"},"RetainSameConnection":{"value":"False"}}},"packageConnectionManagers":{}}},{"name":"SEND_EMAIL","type":"SqlServerStoredProcedure","dependsOn":[{"activity":"DW_EMAIL_MONTHLY","dependencyConditions":["Succeeded"]}],"policy":{"timeout":"7.00:00:00","retry":0,"retryIntervalInSeconds":30,"secureOutput":false,"secureInput":false},"userProperties":[],"typeProperties":{"storedProcedureName":"[[dbo].[usp_AIE_Send_Email_test]","storedProcedureParameters":{"Subject":{"value":{"value":"@pipeline().parameters.Subject","type":"Expression"},"type":"String"}}},"linkedServiceName":{"referenceName":"[parameters('ls_rpdwusr_sqlmi')]","type":"LinkedServiceReference"}}],"policy":{"elapsedTimeMetric":{},"cancelAfter":{}},"parameters":{"NILL_Output_Connection_ConnectionString":{"type":"string","defaultValue":"\\\\Dev-rpsvr01\\RPDW_USR\\AIE\\AIE_UAT\\DW\\DW_course_20201206.txt"},"Subject":{"type":"string","defaultValue":"Monthly RPDW_USR Extraction"}},"folder":{"name":"Scheduled Jobs"},"annotations":[],"lastPublishTime":"2022-02-15T10:58:03Z"},"dependsOn":[]}]}