{"$schema":"http://schema.management.azure.com/schemas/2015-01-01/deploymentTemplate.json#","contentVersion":"1.0.0.0","parameters":{"factoryName":{"type":"string","metadata":"Data Factory name"},"ls_msdb_sqlmi":{"type":"string"}},"variables":{"factoryId":"[concat('Microsoft.DataFactory/factories/', parameters('factoryName'))]"},"resources":[{"name":"[concat(parameters('factoryName'), '/pl_SSIS Server Maintenance Job')]","type":"Microsoft.DataFactory/factories/pipelines","apiVersion":"2018-06-01","properties":{"description":"Runs every day. The job removes operation records from the database that are outside the retention window and maintains a maximum number of versions per project.","activities":[{"name":"SSIS Server Operation Records Maintenance","type":"Lookup","dependsOn":[],"policy":{"timeout":"7.00:00:00","retry":0,"retryIntervalInSeconds":30,"secureOutput":false,"secureInput":false},"userProperties":[],"typeProperties":{"source":{"type":"SqlMISource","sqlReaderQuery":{"value":"DECLARE @role int\nSET @role = (SELECT [role] FROM [sys].[dm_hadr_availability_replica_states] hars INNER JOIN [sys].[availability_databases_cluster] adc ON hars.[group_id] = adc.[group_id] WHERE hars.[is_local] = 1 AND adc.[database_name] ='SSISDB')\nIF DB_ID('SSISDB') IS NOT NULL AND (@role IS NULL OR @role = 1)\nEXEC [SSISDB].[internal].[cleanup_server_retention_window]\nSELECT 1","type":"Expression"},"partitionOption":"None"},"dataset":{"referenceName":"ds_msdb_sqlmi","type":"DatasetReference","parameters":{}}}},{"name":"SSIS Server Max Version Per Project Maintenance","type":"Lookup","dependsOn":[{"activity":"SSIS Server Operation Records Maintenance","dependencyConditions":["Succeeded"]}],"policy":{"timeout":"7.00:00:00","retry":0,"retryIntervalInSeconds":30,"secureOutput":false,"secureInput":false},"userProperties":[],"typeProperties":{"source":{"type":"SqlMISource","sqlReaderQuery":{"value":"DECLARE @role int\nSET @role = (SELECT [role] FROM [sys].[dm_hadr_availability_replica_states] hars INNER JOIN [sys].[availability_databases_cluster] adc ON hars.[group_id] = adc.[group_id] WHERE hars.[is_local] = 1 AND adc.[database_name] ='SSISDB')\nIF DB_ID('SSISDB') IS NOT NULL AND (@role IS NULL OR @role = 1)\nEXEC [SSISDB].[internal].[cleanup_server_project_version]\nSELECT 1","type":"Expression"},"partitionOption":"None"},"dataset":{"referenceName":"ds_msdb_sqlmi","type":"DatasetReference","parameters":{}}}}],"policy":{"elapsedTimeMetric":{},"cancelAfter":{}},"folder":{"name":"Scheduled Jobs"},"annotations":[],"lastPublishTime":"2022-02-15T10:05:04Z"},"dependsOn":["[concat(variables('factoryId'), '/datasets/ds_msdb_sqlmi')]"]},{"name":"[concat(parameters('factoryName'), '/ds_msdb_sqlmi')]","type":"Microsoft.DataFactory/factories/datasets","apiVersion":"2018-06-01","properties":{"linkedServiceName":{"referenceName":"[parameters('ls_msdb_sqlmi')]","type":"LinkedServiceReference"},"annotations":[],"type":"AzureSqlMITable","schema":[],"typeProperties":{}},"dependsOn":[]}]}