{"$schema":"http://schema.management.azure.com/schemas/2015-01-01/deploymentTemplate.json#","contentVersion":"1.0.0.0","parameters":{"factoryName":{"type":"string","metadata":"Data Factory name"},"FileServer1":{"type":"string"},"BLOBStorage":{"type":"string"}},"variables":{"factoryId":"[concat('Microsoft.DataFactory/factories/', parameters('factoryName'))]"},"resources":[{"name":"[concat(parameters('factoryName'), '/10_Archive from IR Server to Blob Store')]","type":"Microsoft.DataFactory/factories/pipelines","apiVersion":"2018-06-01","properties":{"activities":[{"name":"Copy data1","type":"Copy","dependsOn":[],"policy":{"timeout":"7.00:00:00","retry":0,"retryIntervalInSeconds":30,"secureOutput":false,"secureInput":false},"userProperties":[],"typeProperties":{"source":{"type":"BinarySource","storeSettings":{"type":"FileServerReadSettings","recursive":false,"wildcardFileName":"*.xlsx","deleteFilesAfterCompletion":false},"formatSettings":{"type":"BinaryReadSettings"}},"sink":{"type":"BinarySink","storeSettings":{"type":"AzureBlobStorageWriteSettings"}},"enableStaging":false},"inputs":[{"referenceName":"Binary1","type":"DatasetReference","parameters":{}}],"outputs":[{"referenceName":"BinaryBlobStorage","type":"DatasetReference","parameters":{}}]},{"name":"Delete1","type":"Delete","dependsOn":[{"activity":"Copy data1","dependencyConditions":["Succeeded"]}],"policy":{"timeout":"7.00:00:00","retry":0,"retryIntervalInSeconds":30,"secureOutput":false,"secureInput":false},"userProperties":[],"typeProperties":{"dataset":{"referenceName":"Binary1","type":"DatasetReference","parameters":{}},"enableLogging":false,"storeSettings":{"type":"FileServerReadSettings","maxConcurrentConnections":1,"recursive":false,"wildcardFileName":"*.xlsx","enablePartitionDiscovery":false}}}],"policy":{"elapsedTimeMetric":{},"cancelAfter":{}},"annotations":[],"lastPublishTime":"2022-02-14T08:20:20Z"},"dependsOn":["[concat(variables('factoryId'), '/datasets/Binary1')]","[concat(variables('factoryId'), '/datasets/BinaryBlobStorage')]"]},{"name":"[concat(parameters('factoryName'), '/Binary1')]","type":"Microsoft.DataFactory/factories/datasets","apiVersion":"2018-06-01","properties":{"linkedServiceName":{"referenceName":"[parameters('FileServer1')]","type":"LinkedServiceReference"},"annotations":[],"type":"Binary","typeProperties":{"location":{"type":"FileServerLocation","folderPath":"ETLSourceFolder"}}},"dependsOn":[]},{"name":"[concat(parameters('factoryName'), '/BinaryBlobStorage')]","type":"Microsoft.DataFactory/factories/datasets","apiVersion":"2018-06-01","properties":{"linkedServiceName":{"referenceName":"[parameters('BLOBStorage')]","type":"LinkedServiceReference"},"annotations":[],"type":"Binary","typeProperties":{"location":{"type":"AzureBlobStorageLocation","folderPath":"TestArchive","container":"rpdevsqlbckup"},"compression":{"type":"ZipDeflate","level":"Fastest"}}},"dependsOn":[]}]}