{"$schema":"http://schema.management.azure.com/schemas/2015-01-01/deploymentTemplate.json#","contentVersion":"1.0.0.0","parameters":{"factoryName":{"type":"string","metadata":"Data Factory name"}},"variables":{"factoryId":"[concat('Microsoft.DataFactory/factories/', parameters('factoryName'))]"},"resources":[{"name":"[concat(parameters('factoryName'), '/pl_Monthly_First_Fri_Batch_Job_Phase2')]","type":"Microsoft.DataFactory/factories/pipelines","apiVersion":"2018-06-01","properties":{"activities":[{"name":"Wait_For_STG","type":"Wait","dependsOn":[{"activity":"LD_STG","dependencyConditions":["Succeeded"]}],"userProperties":[],"typeProperties":{"waitTimeInSeconds":910}},{"name":"LD_DW_Phase2","type":"ExecuteSSISPackage","dependsOn":[{"activity":"Wait_For_STG","dependencyConditions":["Succeeded"]}],"policy":{"timeout":"7.00:00:00","retry":0,"retryIntervalInSeconds":30,"secureOutput":false,"secureInput":false},"userProperties":[],"typeProperties":{"packageLocation":{"packagePath":"RPDW/RPDW_Master_Job/LD_DW.dtsx","type":"SSISDB"},"runtime":"x64","environmentPath":null,"connectVia":{"referenceName":"AzureSSISIR","type":"IntegrationRuntimeReference"},"loggingLevel":"Basic","projectParameters":{"Frequecy_id":{"value":{"value":"@pipeline().parameters.FrequencyId","type":"Expression"}},"Password":{"value":{"type":"SecureString","value":"**********"}},"project_name":{"value":{"value":"@pipeline().parameters.ProjectNameDW","type":"Expression"}},"stage":{"value":{"value":"@variables('Stage_DW')","type":"Expression"}}},"projectConnectionManagers":{},"packageConnectionManagers":{"RPDW":{"ConnectByProxy":{"value":"False"},"ConnectRetryCount":{"value":"1"},"ConnectRetryInterval":{"value":"5"},"ConnectUsingManagedIdentity":{"value":"False"},"ConnectionString":{"value":"Data Source=abeamrpdev.7006065fdbb7.database.windows.net;User ID=dbadmin;Initial Catalog=RPDW_UAT;Provider=SQLNCLI11.1;Auto Translate=False;"},"InitialCatalog":{"value":"RPDW_UAT"},"Password":{"value":{"type":"SecureString","value":"**********"}},"RetainSameConnection":{"value":"False"},"ServerName":{"value":"abeamrpdev.7006065fdbb7.database.windows.net"},"UserName":{"value":"dbadmin"}},"SSISDB":{"ConnectByProxy":{"value":"False"},"ConnectRetryCount":{"value":"1"},"ConnectRetryInterval":{"value":"5"},"ConnectUsingManagedIdentity":{"value":"False"},"ConnectionString":{"value":"Data Source=abeamrpdev.7006065fdbb7.database.windows.net;User ID=dbadmin;Initial Catalog=SSISDB;Provider=SQLNCLI11.1;Auto Translate=False;"},"InitialCatalog":{"value":"SSISDB"},"Password":{"value":{"type":"SecureString","value":"**********"}},"RetainSameConnection":{"value":"False"},"ServerName":{"value":"abeamrpdev.7006065fdbb7.database.windows.net"},"UserName":{"value":"dbadmin"}}}}},{"name":"Wait_For_PSTG","type":"Wait","dependsOn":[{"activity":"LD_PSTG_EXT","dependencyConditions":["Succeeded"]}],"userProperties":[],"typeProperties":{"waitTimeInSeconds":610}},{"name":"Copy_OSE_files_from_Network_Location","type":"ExecuteSSISPackage","dependsOn":[],"policy":{"timeout":"7.00:00:00","retry":0,"retryIntervalInSeconds":30,"secureOutput":false,"secureInput":false},"userProperties":[],"typeProperties":{"packageLocation":{"packagePath":"RPDW/RPDW_Master_Job/Copy_filesFromSharedNetwork_OSE.dtsx","type":"SSISDB"},"runtime":"x64","environmentPath":null,"connectVia":{"referenceName":"AzureSSISIR","type":"IntegrationRuntimeReference"},"loggingLevel":"Basic","projectParameters":{"Frequecy_id":{"value":{"value":"@pipeline().parameters.FrequencyId","type":"Expression"}}},"projectConnectionManagers":{},"packageConnectionManagers":{"RPDW":{"ConnectByProxy":{"value":"False"},"ConnectRetryCount":{"value":"1"},"ConnectRetryInterval":{"value":"5"},"ConnectUsingManagedIdentity":{"value":"False"},"ConnectionString":{"value":"Data Source=abeamrpdev.7006065fdbb7.database.windows.net;User ID=dbadmin;Initial Catalog=RPDW_UAT;Provider=SQLNCLI11.1;Auto Translate=False;"},"InitialCatalog":{"value":"RPDW_UAT"},"Password":{"value":{"type":"SecureString","value":"**********"}},"RetainSameConnection":{"value":"False"},"ServerName":{"value":"abeamrpdev.7006065fdbb7.database.windows.net"},"UserName":{"value":"dbadmin"}}}}},{"name":"LD_PSTG_EXT","type":"ExecuteSSISPackage","dependsOn":[{"activity":"Copy_OSE_files_from_Network_Location","dependencyConditions":["Succeeded"]}],"policy":{"timeout":"7.00:00:00","retry":0,"retryIntervalInSeconds":30,"secureOutput":false,"secureInput":false},"userProperties":[],"typeProperties":{"packageLocation":{"packagePath":"RPDW/Phase2_PSTG_Framework/Excel_Extraction.dtsx","type":"SSISDB"},"runtime":"x64","environmentPath":null,"connectVia":{"referenceName":"AzureSSISIR","type":"IntegrationRuntimeReference"},"loggingLevel":"Basic","projectParameters":{"Frequency":{"value":{"value":"@pipeline().parameters.FrequencyId","type":"Expression"}}},"projectConnectionManagers":{},"packageConnectionManagers":{"ADO_RPDW":{"ConnectByProxy":{"value":"False"},"ConnectUsingManagedIdentity":{"value":"False"},"ConnectionString":{"value":"Data Source=abeamrpdev.7006065fdbb7.database.windows.net;User ID=dbadmin;Initial Catalog=RPDW_UAT;Connect Timeout=0;Application Name=SSIS-Excel_Extraction-{670DDE8C-6B06-4DA4-99AD-73A02506553A}RP-ETL-DW-UAT.RPDW_UAT1;"},"InitialCatalog":{"value":"RPDW_UAT"},"Password":{"value":{"type":"SecureString","value":"**********"}},"RetainSameConnection":{"value":"True"},"ServerName":{"value":"abeamrpdev.7006065fdbb7.database.windows.net"},"UserName":{"value":"dbadmin"}},"ADO_RPDW_PSTG":{"ConnectByProxy":{"value":"False"},"ConnectUsingManagedIdentity":{"value":"False"},"ConnectionString":{"value":"Data Source=abeamrpdev.7006065fdbb7.database.windows.net;User ID=dbadmin;Initial Catalog=RPDW_UAT_PSTG;Connect Timeout=0;Application Name=SSIS-Excel_Extraction-{4166B92C-6CC8-4AAF-AF7F-24CA45A16772}RP-ETL-DW-UAT.RPDW_PSTG1;"},"InitialCatalog":{"value":"RPDW_UAT_PSTG"},"Password":{"value":{"type":"SecureString","value":"**********"}},"RetainSameConnection":{"value":"True"},"ServerName":{"value":"abeamrpdev.7006065fdbb7.database.windows.net"},"UserName":{"value":"dbadmin"}},"RPDW":{"ConnectByProxy":{"value":"False"},"ConnectRetryCount":{"value":"1"},"ConnectRetryInterval":{"value":"5"},"ConnectUsingManagedIdentity":{"value":"False"},"ConnectionString":{"value":"Data Source=abeamrpdev.7006065fdbb7.database.windows.net;User ID=dbadmin;Initial Catalog=RPDW_UAT;Provider=SQLNCLI11.1;Auto Translate=False;"},"InitialCatalog":{"value":"RPDW_UAT"},"Password":{"value":{"type":"SecureString","value":"**********"}},"RetainSameConnection":{"value":"True"},"ServerName":{"value":"abeamrpdev.7006065fdbb7.database.windows.net"},"UserName":{"value":"dbadmin"}},"RPDW_PSTG":{"ConnectByProxy":{"value":"False"},"ConnectRetryCount":{"value":"1"},"ConnectRetryInterval":{"value":"5"},"ConnectUsingManagedIdentity":{"value":"False"},"ConnectionString":{"value":"Data Source=abeamrpdev.7006065fdbb7.database.windows.net;User ID=dbadmin;Initial Catalog=RPDW_UAT_PSTG;Provider=SQLNCLI11.1;Auto Translate=False;"},"InitialCatalog":{"value":"RPDW_UAT_PSTG"},"Password":{"value":{"type":"SecureString","value":"**********"}},"RetainSameConnection":{"value":"True"},"ServerName":{"value":"abeamrpdev.7006065fdbb7.database.windows.net"},"UserName":{"value":"dbadmin"}}}}},{"name":"LD_STG","type":"ExecuteSSISPackage","dependsOn":[{"activity":"Wait_For_PSTG","dependencyConditions":["Succeeded"]}],"policy":{"timeout":"7.00:00:00","retry":0,"retryIntervalInSeconds":30,"secureOutput":false,"secureInput":false},"userProperties":[],"typeProperties":{"packageLocation":{"packagePath":"RPDW/Phase2_STG_Framework/STG_Framework.dtsx","type":"SSISDB"},"runtime":"x64","environmentPath":null,"connectVia":{"referenceName":"AzureSSISIR","type":"IntegrationRuntimeReference"},"loggingLevel":"Basic","projectParameters":{"Frequency":{"value":{"value":"@pipeline().parameters.FrequencyId","type":"Expression"}}},"projectConnectionManagers":{},"packageConnectionManagers":{"RPDW_STG":{"ConnectByProxy":{"value":"False"},"ConnectRetryCount":{"value":"1"},"ConnectRetryInterval":{"value":"5"},"ConnectUsingManagedIdentity":{"value":"False"},"ConnectionString":{"value":"Data Source=abeamrpdev.7006065fdbb7.database.windows.net;User ID=dbadmin;Initial Catalog=RPDW_UAT_STG;Provider=SQLNCLI11.1;Auto Translate=False;"},"InitialCatalog":{"value":"RPDW_UAT_STG"},"Password":{"value":{"type":"SecureString","value":"**********"}},"RetainSameConnection":{"value":"False"},"ServerName":{"value":"abeamrpdev.7006065fdbb7.database.windows.net"},"UserName":{"value":"dbadmin"}}}}},{"name":"Wait_For_DW","type":"Wait","dependsOn":[{"activity":"Delete_Files_From_Network_Location_OSE","dependencyConditions":["Succeeded"]}],"userProperties":[],"typeProperties":{"waitTimeInSeconds":1800}},{"name":"LD_DM_OSE_CMS","type":"ExecuteSSISPackage","dependsOn":[{"activity":"Wait_For_DW","dependencyConditions":["Succeeded"]}],"policy":{"timeout":"7.00:00:00","retry":0,"retryIntervalInSeconds":30,"secureOutput":false,"secureInput":false},"userProperties":[],"typeProperties":{"packageLocation":{"packagePath":"RPDW/RPDW_DW/DM_OSE_CMS_DATA.dtsx","type":"SSISDB"},"runtime":"x64","environmentPath":null,"connectVia":{"referenceName":"AzureSSISIR","type":"IntegrationRuntimeReference"},"loggingLevel":"Basic","projectConnectionManagers":{},"packageConnectionManagers":{"DW":{"ConnectByProxy":{"value":"False"},"ConnectRetryCount":{"value":"1"},"ConnectRetryInterval":{"value":"5"},"ConnectUsingManagedIdentity":{"value":"False"},"ConnectionString":{"value":"Data Source=abeamrpdev.7006065fdbb7.database.windows.net;User ID=dbadmin;Initial Catalog=RPDW_UAT;Provider=SQLNCLI11.1;Auto Translate=False;"},"Password":{"value":{"type":"SecureString","value":"**********"}},"RetainSameConnection":{"value":"False"}},"ErrorLog":{"ConnectByProxy":{"value":"False"},"ConnectRetryCount":{"value":"1"},"ConnectRetryInterval":{"value":"5"},"ConnectUsingManagedIdentity":{"value":"False"},"ConnectionString":{"value":"Data Source=abeamrpdev.7006065fdbb7.database.windows.net;User ID=dbadmin;Initial Catalog=RPDW_UAT;Provider=SQLNCLI11.1;Auto Translate=False;"},"Password":{"value":{"type":"SecureString","value":"**********"}},"RetainSameConnection":{"value":"False"}}}}},{"name":"Move_files","type":"ExecuteSSISPackage","dependsOn":[{"activity":"LD_DW_Phase2","dependencyConditions":["Succeeded"]}],"policy":{"timeout":"7.00:00:00","retry":0,"retryIntervalInSeconds":30,"secureOutput":false,"secureInput":false},"userProperties":[],"typeProperties":{"packageLocation":{"packagePath":"RPDW/RPDW_Master_Job/MoveEXT_Files_Archive.dtsx","type":"SSISDB"},"runtime":"x64","environmentPath":null,"connectVia":{"referenceName":"AzureSSISIR","type":"IntegrationRuntimeReference"},"loggingLevel":"Basic","projectConnectionManagers":{},"packageConnectionManagers":{}}},{"name":"Delete_Files_From_Network_Location_OSE","type":"ExecuteSSISPackage","dependsOn":[{"activity":"Move_files","dependencyConditions":["Succeeded"]}],"policy":{"timeout":"7.00:00:00","retry":0,"retryIntervalInSeconds":30,"secureOutput":false,"secureInput":false},"userProperties":[],"typeProperties":{"packageLocation":{"packagePath":"RPDW/RPDW_Master_Job/Delete_Ext_from_Netwrk_location_OSE.dtsx","type":"SSISDB"},"runtime":"x64","environmentPath":null,"connectVia":{"referenceName":"AzureSSISIR","type":"IntegrationRuntimeReference"},"loggingLevel":"Basic","projectConnectionManagers":{},"packageConnectionManagers":{}}},{"name":"LD_DM_OSE_ALL_CHANNEL","type":"ExecuteSSISPackage","dependsOn":[{"activity":"LD_DM_OSE_CMS","dependencyConditions":["Succeeded"]}],"policy":{"timeout":"7.00:00:00","retry":0,"retryIntervalInSeconds":30,"secureOutput":false,"secureInput":false},"userProperties":[],"typeProperties":{"packageLocation":{"packagePath":"RPDW/RPDW_DW/DM_OSE_TRANSACTIONS_ALL_CHANNEL.dtsx","type":"SSISDB"},"runtime":"x64","environmentPath":null,"connectVia":{"referenceName":"AzureSSISIR","type":"IntegrationRuntimeReference"},"loggingLevel":"Basic","projectConnectionManagers":{},"packageConnectionManagers":{"DW":{"ConnectByProxy":{"value":"False"},"ConnectRetryCount":{"value":"1"},"ConnectRetryInterval":{"value":"5"},"ConnectUsingManagedIdentity":{"value":"False"},"ConnectionString":{"value":"Data Source=abeamrpdev.7006065fdbb7.database.windows.net;User ID=dbadmin;Initial Catalog=RPDW_UAT;Provider=SQLNCLI11.1;Auto Translate=False;"},"Password":{"value":{"type":"SecureString","value":"**********"}},"RetainSameConnection":{"value":"False"}},"ErrorLog":{"ConnectByProxy":{"value":"False"},"ConnectRetryCount":{"value":"1"},"ConnectRetryInterval":{"value":"5"},"ConnectUsingManagedIdentity":{"value":"False"},"ConnectionString":{"value":"Data Source=abeamrpdev.7006065fdbb7.database.windows.net;User ID=dbadmin;Initial Catalog=RPDW_UAT;Provider=SQLNCLI11.1;Auto Translate=False;"},"Password":{"value":{"type":"SecureString","value":"**********"}},"RetainSameConnection":{"value":"False"}}}}}],"policy":{"elapsedTimeMetric":{},"cancelAfter":{}},"parameters":{"FrequencyId":{"type":"string","defaultValue":"21"},"Source":{"type":"string","defaultValue":"DW"},"ProjectNameDW":{"type":"string","defaultValue":"RPDW_DW"}},"variables":{"Stage_PSTG":{"type":"String","defaultValue":"PSTG"},"Stage_STG":{"type":"String","defaultValue":"STG"},"Stage_DW":{"type":"String","defaultValue":"DW"}},"folder":{"name":"Scheduled Jobs"},"annotations":[],"lastPublishTime":"2022-02-15T09:54:56Z"},"dependsOn":[]}]}