{"$schema":"http://schema.management.azure.com/schemas/2015-01-01/deploymentTemplate.json#","contentVersion":"1.0.0.0","parameters":{"factoryName":{"type":"string","metadata":"Data Factory name"}},"variables":{"factoryId":"[concat('Microsoft.DataFactory/factories/', parameters('factoryName'))]"},"resources":[{"name":"[concat(parameters('factoryName'), '/pl_1st_sunday_of_the_month_LEO')]","type":"Microsoft.DataFactory/factories/pipelines","apiVersion":"2018-06-01","properties":{"activities":[{"name":"LD_STG","type":"ExecuteSSISPackage","dependsOn":[{"activity":"WaitForDelay","dependencyConditions":["Succeeded"]}],"policy":{"timeout":"0.00:30:00","retry":3,"retryIntervalInSeconds":30,"secureOutput":false,"secureInput":false},"userProperties":[],"typeProperties":{"packageLocation":{"packagePath":"RPDW/RPDW_Master_Job/LD_PSTG_STG.dtsx","type":"SSISDB"},"runtime":"x86","environmentPath":null,"connectVia":{"referenceName":"AzureSSISIR","type":"IntegrationRuntimeReference"},"loggingLevel":"Basic","projectParameters":{"Frequecy_id":{"value":{"value":"@pipeline().parameters.FrequencyId","type":"Expression"}},"Password":{"value":{"type":"SecureString","value":"**********"}},"project_name":{"value":{"value":"@pipeline().parameters.ProjectName","type":"Expression"}},"source":{"value":{"value":"@pipeline().parameters.Source","type":"Expression"}},"stage":{"value":{"value":"@variables('Stage_STG')","type":"Expression"}}},"projectConnectionManagers":{},"packageConnectionManagers":{"RPDW":{"ConnectByProxy":{"value":"False"},"ConnectRetryCount":{"value":"1"},"ConnectRetryInterval":{"value":"5"},"ConnectUsingManagedIdentity":{"value":"False"},"ConnectionString":{"value":"Data Source=abeamrpdev.7006065fdbb7.database.windows.net;User ID=dbadmin;Initial Catalog=RPDW_UAT;Provider=SQLNCLI11.1;Auto Translate=False;"},"InitialCatalog":{"value":"RPDW_UAT"},"Password":{"value":{"type":"SecureString","value":"**********"}},"RetainSameConnection":{"value":"False"},"ServerName":{"value":"abeamrpdev.7006065fdbb7.database.windows.net"},"UserName":{"value":"dbadmin"}},"SSISDB":{"ConnectByProxy":{"value":"False"},"ConnectRetryCount":{"value":"1"},"ConnectRetryInterval":{"value":"5"},"ConnectUsingManagedIdentity":{"value":"False"},"ConnectionString":{"value":"Data Source=abeamrpdev.7006065fdbb7.database.windows.net;User ID=dbadmin;Initial Catalog=SSISDB;Provider=SQLNCLI11.1;Auto Translate=False;"},"InitialCatalog":{"value":"SSISDB"},"Password":{"value":{"type":"SecureString","value":"**********"}},"RetainSameConnection":{"value":"False"},"ServerName":{"value":"abeamrpdev.7006065fdbb7.database.windows.net"},"UserName":{"value":"dbadmin"}}}}},{"name":"LD_DW","type":"ExecuteSSISPackage","dependsOn":[{"activity":"WaitForDelay_STG","dependencyConditions":["Succeeded"]}],"policy":{"timeout":"0.00:30:00","retry":3,"retryIntervalInSeconds":30,"secureOutput":false,"secureInput":false},"userProperties":[],"typeProperties":{"packageLocation":{"packagePath":"RPDW/RPDW_Master_Job/LD_DW.dtsx","type":"SSISDB"},"runtime":"x64","environmentPath":null,"connectVia":{"referenceName":"AzureSSISIR","type":"IntegrationRuntimeReference"},"loggingLevel":"Basic","projectParameters":{"Frequecy_id":{"value":{"value":"@pipeline().parameters.FrequencyId","type":"Expression"}},"Password":{"value":{"type":"SecureString","value":"**********"}},"project_name":{"value":{"value":"@pipeline().parameters.ProjectNameDW","type":"Expression"}},"stage":{"value":{"value":"@variables('Stage_DW')","type":"Expression"}}},"projectConnectionManagers":{},"packageConnectionManagers":{"RPDW":{"ConnectByProxy":{"value":"False"},"ConnectRetryCount":{"value":"1"},"ConnectRetryInterval":{"value":"5"},"ConnectUsingManagedIdentity":{"value":"False"},"ConnectionString":{"value":"Data Source=abeamrpdev.7006065fdbb7.database.windows.net;User ID=dbadmin;Initial Catalog=RPDW_UAT;Provider=SQLNCLI11.1;Auto Translate=False;"},"InitialCatalog":{"value":"RPDW_UAT"},"Password":{"value":{"type":"SecureString","value":"**********"}},"RetainSameConnection":{"value":"False"},"ServerName":{"value":"abeamrpdev.7006065fdbb7.database.windows.net"},"UserName":{"value":"dbadmin"}},"SSISDB":{"ConnectByProxy":{"value":"False"},"ConnectRetryCount":{"value":"1"},"ConnectRetryInterval":{"value":"5"},"ConnectUsingManagedIdentity":{"value":"False"},"ConnectionString":{"value":"Data Source=abeamrpdev.7006065fdbb7.database.windows.net;User ID=dbadmin;Initial Catalog=SSISDB;Provider=SQLNCLI11.1;Auto Translate=False;"},"InitialCatalog":{"value":"SSISDB"},"Password":{"value":{"type":"SecureString","value":"**********"}},"RetainSameConnection":{"value":"False"},"ServerName":{"value":"abeamrpdev.7006065fdbb7.database.windows.net"},"UserName":{"value":"dbadmin"}}}}},{"name":"LD_PSTG","type":"ExecuteSSISPackage","dependsOn":[{"activity":"WaitForCopyFiles","dependencyConditions":["Succeeded"]}],"policy":{"timeout":"0.00:30:00","retry":3,"retryIntervalInSeconds":30,"secureOutput":false,"secureInput":false},"userProperties":[],"typeProperties":{"packageLocation":{"packagePath":"RPDW/RPDW_Master_Job/LD_PSTG_STG.dtsx","type":"SSISDB"},"runtime":"x64","environmentPath":null,"connectVia":{"referenceName":"AzureSSISIR","type":"IntegrationRuntimeReference"},"loggingLevel":"Basic","projectParameters":{"Frequecy_id":{"value":{"value":"@pipeline().parameters.FrequencyId","type":"Expression"}},"Password":{"value":{"type":"SecureString","value":"**********"}},"project_name":{"value":{"value":"@pipeline().parameters.ProjectName","type":"Expression"}},"source":{"value":{"value":"@pipeline().parameters.Source","type":"Expression"}},"stage":{"value":{"value":"@variables('Stage_PSTG')","type":"Expression"}}},"projectConnectionManagers":{},"packageConnectionManagers":{"RPDW":{"ConnectByProxy":{"value":"False"},"ConnectRetryCount":{"value":"1"},"ConnectRetryInterval":{"value":"5"},"ConnectUsingManagedIdentity":{"value":"False"},"ConnectionString":{"value":"Data Source=abeamrpdev.7006065fdbb7.database.windows.net;User ID=dbadmin;Initial Catalog=RPDW_UAT;Provider=SQLNCLI11.1;Auto Translate=False;"},"InitialCatalog":{"value":"RPDW_UAT"},"Password":{"value":{"type":"SecureString","value":"**********"}},"RetainSameConnection":{"value":"False"},"ServerName":{"value":"abeamrpdev.7006065fdbb7.database.windows.net"},"UserName":{"value":"dbadmin"}},"SSISDB":{"ConnectByProxy":{"value":"False"},"ConnectRetryCount":{"value":"1"},"ConnectRetryInterval":{"value":"5"},"ConnectUsingManagedIdentity":{"value":"False"},"ConnectionString":{"value":"Data Source=abeamrpdev.7006065fdbb7.database.windows.net;User ID=dbadmin;Initial Catalog=SSISDB;Provider=SQLNCLI11.1;Auto Translate=False;"},"InitialCatalog":{"value":"SSISDB"},"Password":{"value":{"type":"SecureString","value":"**********"}},"RetainSameConnection":{"value":"False"},"ServerName":{"value":"abeamrpdev.7006065fdbb7.database.windows.net"},"UserName":{"value":"dbadmin"}}}}},{"name":"WaitForCopyFiles","type":"Wait","dependsOn":[],"userProperties":[],"typeProperties":{"waitTimeInSeconds":490}},{"name":"WaitForDelay","type":"Wait","dependsOn":[{"activity":"LD_PSTG","dependencyConditions":["Succeeded"]}],"userProperties":[],"typeProperties":{"waitTimeInSeconds":1810}},{"name":"WaitForDelay_STG","type":"Wait","dependsOn":[{"activity":"LD_STG","dependencyConditions":["Succeeded"]}],"userProperties":[],"typeProperties":{"waitTimeInSeconds":1810}}],"policy":{"elapsedTimeMetric":{},"cancelAfter":{}},"parameters":{"FrequencyId":{"type":"string","defaultValue":"15"},"Source":{"type":"string","defaultValue":"LEO"},"ProjectName":{"type":"string","defaultValue":"RPDW_LEO"},"ProjectNameDW":{"type":"string","defaultValue":"RPDW_DW"}},"variables":{"Stage_PSTG":{"type":"String","defaultValue":"PSTG"},"Stage_STG":{"type":"String","defaultValue":"STG"},"Stage_DW":{"type":"String","defaultValue":"DW"}},"folder":{"name":"Scheduled Jobs"},"annotations":[],"lastPublishTime":"2022-02-15T10:58:03Z"},"dependsOn":[]}]}